https://pbs.twimg.com/profile_banners/536582046/1485484668/1500x500 , jpeg 
https://pbs.twimg.com/profile_images/824808708332941313/mJ4xM6PH_bigger.jpg , jpeg 
https://pbs.twimg.com/profile_images/824808708332941313/mJ4xM6PH_normal.jpg , jpeg 
https://pbs.twimg.com/profile_images/824808708332941313/mJ4xM6PH_400x400.jpg , jpeg 
https://pbs.twimg.com/media/DsKEqtoX4AArrdn.jpg , jpeg 
https://pbs.twimg.com/media/D1apUfbX0AAzCul.jpg , jpeg 
https://pbs.twimg.com/media/DsE7E9CWwAAn80Z.jpg , jpeg 
https://pbs.twimg.com/media/Dr_xfQoX0AEGaGa.jpg , jpeg 
https://pbs.twimg.com/media/Dr6n5l0W4AAw5v0.jpg , jpeg 
https://pbs.twimg.com/media/Dr1eTxfXQAI6gYu.jpg , jpeg 
https://pbs.twimg.com/media/DrwUt8tWkAMHWsr.jpg , jpeg 
https://pbs.twimg.com/media/DrrLIN3XgAEiHT9.jpg , jpeg 
https://pbs.twimg.com/media/DrmBi3eWoAAzX7S.jpg , jpeg 
https://abs.twimg.com/a/1562943565/img/animations/web_heart_animation_edge.png , png 
https://abs.twimg.com/a/1562943565/img/t1/spinners/spinner-rosetta-gray-32x32.gif , gif 
https://pbs.twimg.com/media/Drg39BXW4AESRo5.jpg , jpeg 
https://pbs.twimg.com/media/DrbuW_CX0AI_G8I.jpg , jpeg 
https://pbs.twimg.com/media/DrWkxpuXgAAeIvJ.jpg , jpeg 
https://pbs.twimg.com/profile_images/824808708332941313/mJ4xM6PH_bigger.jpg , jpeg 
https://pbs.twimg.com/media/DrRbLc3WwAABjJK.jpg , jpeg 
https://pbs.twimg.com/media/DrMRltUW4AAHzO-.jpg , jpeg 
https://pbs.twimg.com/media/DrHIABGXQAAj8ev.jpg , jpeg 
https://pbs.twimg.com/media/DrB-aMwX0AElAK8.jpg , jpeg 
https://pbs.twimg.com/media/Dq800yjWoAAmqmA.jpg , jpeg 
https://pbs.twimg.com/media/Dqyho80X0AAJK1P.jpg , jpeg 
https://pbs.twimg.com/media/DqtYDOEWoAA6Yai.jpg , jpeg 
https://pbs.twimg.com/media/DqoOdlCX4AE4rUv.jpg , jpeg 
https://pbs.twimg.com/media/DqjE3tgWoAIMwdK.jpg , jpeg 
https://pbs.twimg.com/media/DqToGmdW4AAe7s1.jpg , jpeg 
https://pbs.twimg.com/media/DqOeg4fX4AAcv3M.jpg , jpeg 
https://pbs.twimg.com/media/DqYxsNdW4AAaU0l.jpg , jpeg 
https://pbs.twimg.com/media/Dp_BvcQWkAAvyfN.jpg , jpeg 
https://pbs.twimg.com/media/Dp54JvzWoAAvBg3.jpg , jpeg 
https://pbs.twimg.com/media/DpgIM8LWwAAEH7t.jpg , jpeg 
https://pbs.twimg.com/media/DplRyuDWsAEO3w2.jpg , jpeg 
https://pbs.twimg.com/media/DpV1Eh2WwAA2IJY.jpg , jpeg 
https://pbs.twimg.com/media/DpQrb02WsAIC4Nn.jpg , jpeg 
https://pbs.twimg.com/media/DpGYQZ-XoAAKD8Z.jpg , jpeg 
https://pbs.twimg.com/media/DpLh1_vXgAMn2bp.jpg , jpeg 
https://pbs.twimg.com/media/Dq3rO6MX4AAGPHx.jpg , jpeg 
https://pbs.twimg.com/media/DpBOqfaXoAYjf_M.jpg , jpeg 
https://pbs.twimg.com/media/DoxmIsJX4AEYFIQ.jpg , jpeg 
https://pbs.twimg.com/media/DmQVb6XX0AE2hK-.jpg , jpeg 
https://pbs.twimg.com/media/Dl2lgWoXsAE66Jy.jpg , jpeg 
https://pbs.twimg.com/media/Dlzyz4KXcAAZ4Fy.jpg , jpeg 
https://pbs.twimg.com/media/DlupNteX4AM8nT1.jpg , jpeg 
https://pbs.twimg.com/media/Dj9WP4QWsAINPjf.jpg , jpeg 
https://pbs.twimg.com/media/DkAI1G0UwAEt1om.jpg , jpeg 
https://pbs.twimg.com/media/Djt5fekW0AEmPX_.jpg , jpeg 
https://pbs.twimg.com/media/Djwr-DyXcAAW3R6.jpg , jpeg 
https://pbs.twimg.com/media/DjmY9gzX0AE76mo.jpg , jpeg 
https://pbs.twimg.com/media/Djov4ciXoAIuFB0.jpg , jpeg 
https://pbs.twimg.com/media/DjjmVEaWsAACzJk.jpg , jpeg 
https://abs.twimg.com/hashflags/LaCasaDePapel_2019/LaCasaDePapel_2019.png , png 
https://pbs.twimg.com/media/DjhPP-NW0AANbnu.jpg , jpeg 
https://pbs.twimg.com/media/Djectf9XoAADoSt.jpg , jpeg 
https://syndication.twitter.com/i/jot/syndication?l=%7B%22_category_%22%3A%22syndicated_impression%22%2C%22event_namespace%22%3A%7B%22client%22%3A%22web%22%2C%22page%22%3A%22profile%22%2C%22action%22%3A%22impression%22%7D%2C%22triggered_on%22%3A1563466572064%7D , gif 
https://pbs.twimg.com/media/DjcFw0uW0AEruuD.jpg , jpeg 
https://pbs.twimg.com/media/DjZTIPiW4AAStnY.jpg , jpeg 
https://pbs.twimg.com/media/DjW8NKBU8AAIim_.jpg , jpeg 
https://pbs.twimg.com/media/DjUJiI7XcAIR7zs.jpg , jpeg 
https://abs.twimg.com/emoji/v2/72x72/1f602.png , png 
https://abs.twimg.com/emoji/v2/72x72/1f44c.png , png 
https://pbs.twimg.com/media/DjO_9YBWsAAEZOx.jpg , jpeg 
https://abs.twimg.com/emoji/v2/72x72/1f4af.png , png 
https://abs.twimg.com/emoji/v2/72x72/1f923.png , png 
https://pbs.twimg.com/media/DjRyh2gWwAUJ7ZN.jpg , jpeg 
https://pbs.twimg.com/media/DjJ2XhOXcAAQz2i.jpg , jpeg 
https://pbs.twimg.com/media/DjMo932X4AIEeu-.jpg , jpeg 
https://abs.twimg.com/emoji/v2/72x72/1f60b.png , png 
https://abs.twimg.com/emoji/v2/72x72/1f648.png , png 
https://abs.twimg.com/emoji/v2/72x72/1f64a.png , png 
https://abs.twimg.com/emoji/v2/72x72/1f495.png , png 
https://pbs.twimg.com/media/DgQm6vYXUAANXPH.jpg , jpeg 
https://pbs.twimg.com/media/DgUrKFbUYAAy_pY.jpg , jpeg 
https://pbs.twimg.com/media/DgPhkR8X4AAqIXD.jpg , jpeg 
https://abs.twimg.com/emoji/v2/72x72/2764.png , png 
https://pbs.twimg.com/media/DgLdVAJXUAAh6Nl.jpg , jpeg 
https://pbs.twimg.com/media/DgGTvVUUcAEqFnU.jpg , jpeg 
https://abs.twimg.com/emoji/v2/72x72/1f448.png , png 
https://abs.twimg.com/emoji/v2/72x72/1f604.png , png 
https://pbs.twimg.com/media/DgFOY0FXcAAlcZa.jpg , jpeg 
https://pbs.twimg.com/media/DgAE3OxWsAYXsRs.jpg , jpeg 
https://abs.twimg.com/emoji/v2/72x72/1f926-200d-2642-fe0f.png , png 
https://pbs.twimg.com/media/DgBKJj0X0AAHTsE.jpg , jpeg 
https://abs.twimg.com/emoji/v2/72x72/1f60d.png , png 
https://pbs.twimg.com/media/Df67NY9U0AARB4T.jpg , jpeg 
https://abs.twimg.com/emoji/v2/72x72/1f601.png , png 
https://pbs.twimg.com/media/Df229_BX4AAOwYx.jpg , jpeg 
https://pbs.twimg.com/media/DfxtYOwW0AYrVkb.jpg , jpeg 
https://pbs.twimg.com/media/DfwoB5ZVAAAIWB1.jpg , jpeg 
https://pbs.twimg.com/media/DfrecjoWAAEaI-Y.jpg , jpeg 
https://pbs.twimg.com/media/DfnaM0FU0AMRlzv.jpg , jpeg 
https://pbs.twimg.com/media/DfmU2QOWsAERhnA.jpg , jpeg 
https://pbs.twimg.com/media/DfiQnB6X0AAFHFw.jpg , jpeg 
https://abs.twimg.com/emoji/v2/72x72/1f62d.png , png 
https://pbs.twimg.com/media/DfDEExyV4AIbj2E.jpg , jpeg 
https://pbs.twimg.com/media/DfCRuoAUwAAI_EM.jpg , jpeg 
https://pbs.twimg.com/profile_images/968753092685697024/9VexcWWc_bigger.jpg , jpeg 
https://pbs.twimg.com/profile_images/3313602892/d0a5b726851864c3bfc0ae12143ac8d7_bigger.png , png 
https://pbs.twimg.com/profile_images/857006137601806336/03yA3Mxh_bigger.jpg , jpeg 
https://pbs.twimg.com/profile_images/1047261499423674369/ldquG1U__bigger.jpg , jpeg 
https://pbs.twimg.com/profile_images/1104107071614656512/uRUinLzM_bigger.png , png 
https://pbs.twimg.com/profile_images/855733938203000832/bF0WtkjX_bigger.jpg , jpeg 
https://pbs.twimg.com/media/D1apUfbX0AAzCul.jpg:thumb , jpeg 
https://pbs.twimg.com/media/DsKEqtoX4AArrdn.jpg:thumb , jpeg 
https://pbs.twimg.com/media/DsE7E9CWwAAn80Z.jpg:thumb , jpeg 
https://pbs.twimg.com/media/Dr_xfQoX0AEGaGa.jpg:thumb , jpeg 
https://pbs.twimg.com/media/Dr6n5l0W4AAw5v0.jpg:thumb , jpeg 
https://pbs.twimg.com/media/Dr1eTxfXQAI6gYu.jpg:thumb , jpeg 
https://pbs.twimg.com/media/Dqd7R9AXcAEaNEW.jpg , jpeg 
https://pbs.twimg.com/media/DqJU6_PXgAA14k9.jpg , jpeg 
https://pbs.twimg.com/media/DqELVOYWkAE46Ao.jpg , jpeg 
https://abs.twimg.com/emoji/v2/72x72/1f480.png , png 
https://pbs.twimg.com/media/Dp0ukIwW4AETvo-.jpg , jpeg 
https://pbs.twimg.com/media/Dpvk-dPXoAAnVEH.jpg , jpeg 
https://pbs.twimg.com/media/DpqbYzLXgAAenpC.jpg , jpeg 
https://pbs.twimg.com/media/Dpa-nNsXgAA8jPb.jpg , jpeg 
https://pbs.twimg.com/media/DdRZ-5RXcAA75c_.jpg , jpeg 
https://pbs.twimg.com/media/DaD7CvXUwAElO6-.jpg , jpeg 
https://www.google-analytics.com/r/collect?v=1&_v=j77&aip=1&a=738210395&t=pageview&_s=1&dl=https%3A%2F%2Ftwitter.com%2Fmemes&dr=&dp=%2Fanon%2Fprofile%2Fprofile&ul=en-us&de=UTF-8&dt=REDACTED&sd=24-bit&sr=800x600&vp=1920x1080&je=0&_u=YEBAAQAB~&jid=33288099&gjid=1885818810&cid=2031537739.1563466588&tid=UA-30775-6&_gid=2024536972.1563466588&_r=1&z=1006223995 , gif 
https://abs.twimg.com/emoji/v2/72x72/1f494.png , png 
https://pbs.twimg.com/profile_images/636272225021095936/hnN21xoo_bigger.jpg , jpeg 
https://pbs.twimg.com/media/DaD8Ov6V4AAHkyU.jpg , jpeg 
https://abs.twimg.com/emoji/v2/72x72/1f610.png , png 
https://abs.twimg.com/emoji/v2/72x72/267b.png , png 
https://abs.twimg.com/emoji/v2/72x72/1f30e.png , png 
https://abs.twimg.com/emoji/v2/72x72/1f332.png , png 
https://abs.twimg.com/emoji/v2/72x72/1f98b.png , png 
https://abs.twimg.com/emoji/v2/72x72/2728.png , png 
https://abs.twimg.com/emoji/v2/72x72/1f64c-1f3fc.png , png 
https://abs.twimg.com/emoji/v2/72x72/1f4a4.png , png 
https://abs.twimg.com/emoji/v2/72x72/1f423.png , png 
https://abs.twimg.com/emoji/v2/72x72/1f430.png , png 
https://abs.twimg.com/emoji/v2/72x72/1f61b.png , png 
https://pbs.twimg.com/profile_images/931254142068068354/XHiYYAiD_bigger.jpg , jpeg 
https://pbs.twimg.com/media/DClvbC3VYAAygx1.jpg , jpeg 
https://pbs.twimg.com/ext_tw_video_thumb/981923241219493888/pu/img/FJN4uIcaxQsF2MJq.jpg , jpeg 
data:image/png;base64,iVBORw0KGgoAAAANSUhEUgAAAMAAAADACAYAAABS3GwHAAAAAXNSR0IArs4c6QAABqVJREFUeNrt3ctrFVccwHH/TsX3C3xgXCgoGBBfiOBjoSi6ECKKEjduVFwoLtyotcZUS9KEJiYYmzYmbUyT+Gj7E1vcdM65ucbM47P4LO8E5s43d86ZMzPL5ufnH0FTLbMTEAAIAAQAAgABgABAACAAEAAIAAQAAgABgABAACAAEAAIAAQAAgABgABAACAAEAAIAAQAAgABgABAACAAEAAIAAQAAgABgABAACAAEAAIAAQAAgABgABAACAAEAAIAASAAOwEBAACAAGAAEAAIAAQQIX19fX1nj17dqyjo2NmzZo175cvX/4X/y/2Ueyr2Gex7wRQUW/fvn185syZ1ytWrPjowF6Y2HexD2NfCqBiB39nZ+eUg/jriH1Z1whqGUD813Lgfl2xTwVQkXN+pz2LczpUxzFB7QKIwZsDdnHEvhVAycUMhoN1ccS+FUDJmepc3ClSAZRc6kt08cf+EwD2nwCw/wSAAHyBCMAXiAB8gQjAFygAAfgCBSAAX6AABOALFIAAfIECEAACEAACEAACEAACEAACEAACEAACEAACEMDSWrly5YcNGza827Jly+zOnTtn9u7d+/vx48fHL1++/PLu3bs/9ff3987NzTnYBdDMK8Fh/fr17w4ePPimu7t7qAkPgBWAAApt3bp19uLFi6ODg4PPBCCAxgXwpT179vxx69atwdnZWQEIoHkBfPmrcOPGjZ/r/GhwAQggafPmzXM3b94cFIAAGhnAv2I2qQkDZgEIoPAR4RcuXHhV59MiAVRcHJzj4+NPhoeHe168ePHDvXv3+q9cufLyxIkT47t27Zr+50ts+90Bu3fvno7tC0AAlTMxMfEkoog3nsT5/UIjWLdu3bu4sCYAAVRWTHU+ePCg79ixY7+uWrXqw0JC6OrqGhGAACpvbGzs+/Pnz79ayPsFTp8+/bouyysE0HAxfohXAbX6nrGjR4/+VofBsQD4JAbQcVW41Qiq/ksgAP4TB3MsmIsVpq2cDglAALXS29v7PJZGNGFgLIAa3Q8QV29Pnjw5fvXq1eGenp7n7Sxwi+nTffv2Zb99vqpTpAKo8SBu7dq17w8fPjwRB+dCBqzT09OPjxw5MpF7nWBoaKhHAAIo5VKI+JW4dOnSyNTU1HetjgtOnTr1S87fiCvPVZsZEkDD1gLF1eBY9tzK6VFEkPtLENcWBCCA0i+G27Fjx8z9+/f7WzkdyhkTxPWEKq0iFUDDV4PGas/cufwYGOfMDsVgXAACqMxy6AMHDryZnJzMGhvEFGnOdYKq3FQjAAF80tHRMZM7ixMXy3LGGlUYEAug4uI/98DAwLOHDx/+ePv27cFz586Nbdu2bXYhEWzcuHE+J4I4ZcpZNhGDbQEIYEnEQLSrq2s0DupWfwlyTodi7VBqAV2MF8r+tAkB1FwczPEMoNWrV79vZUyQMzCOVaSpbcUjVwQggFKs/z906NBEK7NDOUupU/cTxKmSAARQmtWe8WuQe59wznWCuPCV2k6Zn0AngAa6c+fOQM4tkXGxLHUOH78sqW1FdAIQQOkiyPkVyJnJiXuMU4NhAQigdD6fDiXn81ML6OJG+9R2yro8QgAVF4PQ7du3/7l///7J69evD42MjDxtZUyQMzCOVaSpp01s2rSpcLq1u7t7WAACWPQvMObm46FYo6OjT3Nnh1JTpLGUOnVVN547VLSNeD+BAATwzb7A+GXIvUsr51Qota14+Fbqhpky3kAvgHqvBfp47dq15KlHXCxLXTGOO8tSK0VT06vxuiYBCOBbL4b7mPNLEMsmUrdXpqZEPz+LtK37hhfzYb+til9RAdRgNWh8kakxQczSpLYTN9oXbSPGHkWfjxf3VSmAWBclgJosh46DM7Wt1CrSeNpE0efjqdRFn4+3V1YpgFjrJICaBBCzQ6kp0lhKXbSNeORKOwPhnDvFynLwV+3WTgFkiOsERduK+wnaOYBjiXTR5+M9xlUJIKZ163jxs9EBxMWyom3FTTVFn4+HbxV9Pl6i0c7nyxJAZ2fnVF3fitPoAOKKcdG24s6y1AWx1PLodj6/1AHEaU/856/zK6EaHUBqWi+uBxR9Pm6GL/p8HDjtfH4pAoh9ErM9MeBtwksBLYaj0QSAAEAAIAAQAAgABAACAAGAAEAAIAAQAAgABAACAAGAAEAAIAAQAAgABAACAAGAAEAAIAAQAAgABAACAAGAAEAAIAAQAAgABAACAAGAAEAAIAAQAAgABAACAAGAAEAAIAAEYCcgABAACAAEAAIAAUCt/Q0TT+YRvd35vwAAAABJRU5ErkJggg== , png 
data:image/png;base64,iVBORw0KGgoAAAANSUhEUgAAAAEAAAJwCAYAAABI9AvEAAACkklEQVRIS1XHdxQIZBiFcTtCkmRHqSh7U1mpJMlK9t7Jpm2WUFnZK7PsbGWWUfYohOy9NZFVznNP5/vOff/4vfdJkOD/S8iPJCJFYicJKZIGkrEi95AiuZOCFPc6KUmRyklNivsCaViR+0mR1nmAFOmcB0mR3nmIFBmcjKTIFMjMimQhRVYnGykedrKTIofzCCkeDeRkRR4jxePOE6TI5eQmxZPOU6TIE8jLiuQjRX6nACkKOoVIUdgpQoqigWKsSHFSlHBKkqKU8zQpnnGeJUXpQBlWpCwpyjnlSfGcU4EUzzsvkOJFpyIpXgpUYkVeJkVl5xVSVHFeJUVVpxopqgdqsCI1SfGaU4sUrzu1SVHHqUuKeoH6rEgDUjR0GpGisdOEFE2dZqRoHmjBirQkRSunNSnaOG1J8YbTjhRvOu1J0SHQkRXpRIrOThdSdHW6kaK78xYp3g68w4q8S4r3nPdJ8YHTgxQ9nV6k6B3ow4r0JcWHzkek6Od8TIr+zgBSDAx8wop8SorPnEGkGOwMIcVQZxgpPg8MZ0VGkGKkM4oUo50xpBjrjCPFeGcCKSYGvmBFJpFisjOFFFOdaaSY7nxJiq8CM1iRmaSY5cwmxRxnLinmOV+TYn5gASuykBSLnMWkWOIsJcUy5xtSfBtYzoqsIMVKZxUpVjtrSPGd8z0p1jrrSLE+sIEV+YEUPzobSbHJ2UyKLc5WUmwLbGdFdpBip7OLFD85P5Nit7OHFHsDv7Ai+0ix3zlAil+dg6Q45BwmxZHAUVbkGCmOOydIcdI5RYrTzhlSnA2cY0XOk+KCc5EUl5zLpLji/EaK350/SPFn4C9W5G9SXHWukeK68w8pbjg3SXErcJsVuUOKf53/7gIPXjbYDO78kgAAAABJRU5ErkJggg== , png 
https://pbs.twimg.com/media/DBb13XHVoAADBYP.jpg , jpeg 
https://pbs.twimg.com/ext_tw_video_thumb/859235309136953344/pu/img/h3eATYakZO43WXMB.jpg , jpeg 
https://pbs.twimg.com/media/C93wGcyU0AES6ct.jpg , jpeg 
https://pbs.twimg.com/media/C9vk_26UIAAwcOI.jpg , jpeg 
https://abs.twimg.com/emoji/v2/72x72/1f44f.png , png 
https://pbs.twimg.com/media/C9vk0tNUIAAKvxE.jpg , jpeg 
https://pbs.twimg.com/media/C9tiofCU0AA6onX.jpg , jpeg 
https://pbs.twimg.com/media/C9kn0BaV0AAYiUX.jpg , jpeg 
https://pbs.twimg.com/media/C9oDFGZUMAAbhrz.jpg , jpeg 
https://pbs.twimg.com/media/C9jUrpHUAAAbQkf.jpg , jpeg 
https://pbs.twimg.com/media/C9jUtLqU0AAlxw6.jpg , jpeg 
https://pbs.twimg.com/media/C9PEQGXUQAAxZIA.jpg , jpeg 
https://pbs.twimg.com/media/C9ZOVVBUwAArFnN.jpg , jpeg 
https://abs.twimg.com/emoji/v2/72x72/1f64c.png , png 
https://pbs.twimg.com/media/C9J5Z5bUwAAlOPT.jpg , jpeg 
https://abs.twimg.com/emoji/v2/72x72/1f32e.png , png 
https://pbs.twimg.com/media/C9BeLp7UMAAAF2s.jpg , jpeg 
https://abs.twimg.com/emoji/v2/72x72/1f633.png , png 
https://pbs.twimg.com/media/C81lmWzXoAEUrnd.jpg , jpeg 
https://pbs.twimg.com/media/C8xG2wrV0AEdjwS.jpg , jpeg 
https://pbs.twimg.com/media/C8siOe8VwAAJt5z.jpg , jpeg 
https://pbs.twimg.com/media/C8qO9sAU0AATJUj.jpg , jpeg 
https://pbs.twimg.com/media/C8nU1qEXYAA1Ug7.jpg , jpeg 
https://pbs.twimg.com/media/C8mOqf0XsAEB_-X.jpg , jpeg 
https://pbs.twimg.com/media/C8hsGv-U0AAgDoC.jpg , jpeg 
https://pbs.twimg.com/media/C8gN07YUMAAfvZp.jpg , jpeg 
https://abs.twimg.com/emoji/v2/72x72/1f618.png , png 
https://pbs.twimg.com/media/C8aowfIVwAEDJNG.jpg , jpeg 
https://pbs.twimg.com/media/C8V8P3jU0AAswht.jpg , jpeg 
https://pbs.twimg.com/media/C8WdykNUIAAOF3F.jpg , jpeg 
https://pbs.twimg.com/media/C8ToGa8V0AEvzpF.jpg , jpeg 
https://pbs.twimg.com/media/C8STjTHUwAEyBdR.jpg , jpeg 
https://pbs.twimg.com/media/C8LbKr3U0AIWGwW.jpg , jpeg 
https://abs.twimg.com/emoji/v2/72x72/1f606.png , png 
https://pbs.twimg.com/media/C8IW6_5UQAE5rx_.jpg , jpeg 
https://pbs.twimg.com/media/C78SH1FVwAAYkFT.jpg , jpeg 
https://abs.twimg.com/emoji/v2/72x72/1f605.png , png 
https://pbs.twimg.com/media/C79CqwxVAAAKUVb.jpg , jpeg 
https://pbs.twimg.com/media/C7yyiZXVsAQ6pXX.jpg , jpeg 
https://pbs.twimg.com/media/C7zYpEUVUAAfBE5.jpg , jpeg 
https://abs.twimg.com/emoji/v2/72x72/1f925.png , png 
https://pbs.twimg.com/media/C7tj25lU8AAqeHb.jpg , jpeg 
https://abs.twimg.com/emoji/v2/72x72/1f608.png , png 
https://pbs.twimg.com/media/C7sj6ZnVUAAeBjI.jpg , jpeg 
https://pbs.twimg.com/media/C7oCRKIVMAAGt3u.jpg , jpeg 
https://abs.twimg.com/emoji/v2/72x72/1f629.png , png 
https://abs.twimg.com/emoji/v2/72x72/1f64f.png , png 
https://pbs.twimg.com/media/C7n60ZFUwAAivvi.jpg , jpeg 
https://pbs.twimg.com/media/C7nMP-rVwAADYoc.jpg , jpeg 
https://pbs.twimg.com/media/C7kbvIsVwAA-NiS.jpg , jpeg 
https://pbs.twimg.com/media/C7ZANoVVoAAnoW_.jpg , jpeg 
https://pbs.twimg.com/media/C7UnqHKVsAAljXk.jpg , jpeg 
https://pbs.twimg.com/media/C7Px5beU8AA_zCY.jpg , jpeg 
https://pbs.twimg.com/media/C7NlICeU0AErsCz.jpg , jpeg 
https://pbs.twimg.com/media/Do8FEwKX4AAnWMp.jpg , jpeg 
https://pbs.twimg.com/media/Do27e-SXgAE0a7W.jpg , jpeg 
https://pbs.twimg.com/media/DonLiKUV4AAZVzA.jpg , jpeg 
https://pbs.twimg.com/media/DonLiYOU8AE-cRw.jpg , jpeg 
https://pbs.twimg.com/media/DonLij5UYAAdoPE.jpg , jpeg 
https://pbs.twimg.com/media/DmX1-LBWwAEhKoX.jpg , jpeg 
https://pbs.twimg.com/media/DmVe-eSWwAIeqYd.jpg , jpeg 
https://pbs.twimg.com/media/DmSsXbvWwAAXpQ2.jpg , jpeg 
https://abs.twimg.com/emoji/v2/72x72/1f630.png , png 
https://abs.twimg.com/emoji/v2/72x72/1f4aa.png , png 
https://abs.twimg.com/emoji/v2/72x72/1f643.png , png 
https://pbs.twimg.com/media/DmNixrdXcAUu6CM.jpg , jpeg 
https://pbs.twimg.com/media/DmLL6U8W0AAKQOD.jpg , jpeg 
https://pbs.twimg.com/media/DmIZKbjX0AAS5pS.jpg , jpeg 
https://pbs.twimg.com/media/DmGCIQIW4AEn4EO.jpg , jpeg 
https://pbs.twimg.com/media/DmDPmifXoAIhjmr.jpg , jpeg 
https://pbs.twimg.com/media/DmA4llDXgAMpDBt.jpg , jpeg 
https://pbs.twimg.com/media/Dl-GBXlW0AAuuUZ.jpg , jpeg 
https://pbs.twimg.com/media/Dl7vRWRVsAY5coA.jpg , jpeg 
https://pbs.twimg.com/media/Dl48Z7GX4AAbjnv.jpg , jpeg 
https://pbs.twimg.com/media/Dlxb7oYW4AAMX2v.jpg , jpeg 
https://pbs.twimg.com/media/DlsSUKfXsAEcTuC.jpg , jpeg 
https://pbs.twimg.com/media/Dj6_PJOX0AAt5-K.jpg , jpeg 
https://pbs.twimg.com/media/Dj4MozaWsAEGEUk.jpg , jpeg 
https://pbs.twimg.com/media/Dj11l6dXoAIE1nE.jpg , jpeg 
https://pbs.twimg.com/media/DjzDGPmXoAAVPv6.jpg , jpeg 
https://pbs.twimg.com/media/DjriccqWsAA9KuK.jpg , jpeg 
https://pbs.twimg.com/media/DgVwgfUXcAApgXz.jpg , jpeg 
https://pbs.twimg.com/media/DgKX-idW4AE1Inx.jpg , jpeg 
https://pbs.twimg.com/media/Df8AjvnWAAESpTI.jpg , jpeg 
https://pbs.twimg.com/media/Df1xnp5UEAAuTm_.jpg , jpeg 
https://pbs.twimg.com/media/C7JZBSFU4AAq6wK.jpg , jpeg 
https://pbs.twimg.com/media/C7JcQPpVwAAMj8y.jpg , jpeg 
https://pbs.twimg.com/media/C6_nZs4VAAAkUiX.jpg , jpeg 
https://pbs.twimg.com/media/C66e60AU4AAMtqN.jpg , jpeg 
https://pbs.twimg.com/media/C60CT-1U4AExgrB.jpg , jpeg 
https://pbs.twimg.com/media/C6w2ncYU8AASRcU.jpg , jpeg 
https://pbs.twimg.com/media/C6mOr33U8AAVoKi.jpg , jpeg 
https://pbs.twimg.com/media/C6kdunhV0AEKPxQ.jpg , jpeg 
https://pbs.twimg.com/media/C6hM4AcVAAAiKBs.jpg , jpeg 
https://pbs.twimg.com/media/C6XX1WuU4AAU30w.jpg , jpeg 
https://pbs.twimg.com/media/C6WY5x5VMAI95ao.jpg , jpeg 
https://pbs.twimg.com/media/C6NLHz6UsAAxf8y.jpg , jpeg 
https://pbs.twimg.com/media/C6KqxZAUsAAJw2-.jpg , jpeg 
https://pbs.twimg.com/media/C6CcQyzUYAIO-xr.jpg , jpeg 
https://pbs.twimg.com/media/C6CmBGBU0AA9LYP.jpg , jpeg 
https://pbs.twimg.com/media/C53VS1eVMAA1a7f.jpg , jpeg 
https://pbs.twimg.com/media/C54XOOCU0AEuivZ.jpg , jpeg 
https://pbs.twimg.com/media/C5ryznAUYAATxf0.jpg , jpeg 
https://pbs.twimg.com/media/C5o8uiOVAAAfLYK.jpg , jpeg 
https://pbs.twimg.com/media/C5cZ0lSUwAAP22t.jpg , jpeg 
https://pbs.twimg.com/media/C5ZT-9rVUAA6nzn.jpg , jpeg 
https://pbs.twimg.com/media/C5Xtz91VYAAMwEg.jpg , jpeg 
https://pbs.twimg.com/media/C5Egr4_VMAICy_L.jpg , jpeg 
https://pbs.twimg.com/media/C5HyJesUYAAVJBG.jpg , jpeg 
https://pbs.twimg.com/media/C45o00MVYAQhDP6.jpg , jpeg 
https://pbs.twimg.com/media/C46ReuJVcAEHeLu.jpg , jpeg 
https://pbs.twimg.com/media/C40c7ScUEAArtbS.jpg , jpeg 
https://pbs.twimg.com/media/C4vXMiyUkAAUAo_.jpg , jpeg 
https://pbs.twimg.com/media/C4wamrTUoAQYDRB.jpg , jpeg 
https://pbs.twimg.com/media/C4pTruNUMAAAytF.jpg , jpeg 
https://pbs.twimg.com/media/C4qgxm3VcAAMkj9.jpg , jpeg 
https://pbs.twimg.com/media/C4o7PqWVUAA4Nev.jpg , jpeg 
https://pbs.twimg.com/media/C4lx-05UcAAfshG.jpg , jpeg 
https://pbs.twimg.com/media/C4kqnwWUEAAgbFr.jpg , jpeg 
https://pbs.twimg.com/media/C4gn8UuWQAETfdV.jpg , jpeg 
https://pbs.twimg.com/media/C4hqKhsUMAAqNKp.jpg , jpeg 
https://pbs.twimg.com/media/C4fbwF8VUAAY0kL.jpg , jpeg 
https://pbs.twimg.com/media/C4ahr5nUMAAT-ib.jpg , jpeg 
https://pbs.twimg.com/media/C4cROchVYAA83m3.jpg , jpeg 
https://pbs.twimg.com/media/C4ZZc_DUoAA8z8I.jpg , jpeg 
https://pbs.twimg.com/media/C4WWVi8UMAEPeS3.jpg , jpeg 
https://pbs.twimg.com/media/C4UR8f6UkAAe6fF.jpg , jpeg 
https://pbs.twimg.com/media/C4R_J0vUkAICe0E.jpg , jpeg 
https://pbs.twimg.com/media/C4LYVO6WEAEr1te.jpg , jpeg 
https://pbs.twimg.com/profile_images/800906324800245760/-GK5yqpr_bigger.jpg , jpeg 
https://pbs.twimg.com/media/C4KZHNfUEAATmbC.jpg , jpeg 
https://pbs.twimg.com/media/C4J7LZWUEAADs_D.jpg , jpeg 
https://pbs.twimg.com/media/C4FtvOJUMAA_tyU.jpg , jpeg 
https://pbs.twimg.com/media/C4CR-E8UEAAgtKp.jpg , jpeg 
https://pbs.twimg.com/media/C4AkADmUkAAEx6k.jpg , jpeg 
https://pbs.twimg.com/media/C4BPo3hVcAAcoYh.jpg , jpeg 
https://pbs.twimg.com/media/C38pQyqUEAAiad7.jpg , jpeg 
https://pbs.twimg.com/media/C37xmEfUMAAbIck.jpg , jpeg 
https://pbs.twimg.com/media/C38fNRdUoAAbvLK.jpg , jpeg 
https://pbs.twimg.com/media/C32l40TVUAAYm7c.jpg , jpeg 
https://pbs.twimg.com/media/C31dcugVYAE7ebo.jpg , jpeg 
https://pbs.twimg.com/media/C3tEu-eVMAAJgpn.jpg , jpeg 
https://pbs.twimg.com/media/C3m7V6VUkAA0QVQ.jpg , jpeg 
https://pbs.twimg.com/media/C3n5tgoWMAAjPN7.jpg , jpeg 
https://pbs.twimg.com/media/C3g-LBnUcAAKIsx.jpg , jpeg 
https://pbs.twimg.com/media/C3eDLFQW8AA3G4v.jpg , jpeg 
https://pbs.twimg.com/media/C3bvi31VcAE49m7.jpg , jpeg 
https://pbs.twimg.com/media/C3S48O2UcAA6fst.jpg , jpeg 
https://pbs.twimg.com/media/C3M9tzzWQAASy53.jpg , jpeg 
https://pbs.twimg.com/media/C3MU1uEWYAEASWU.jpg , jpeg 
https://pbs.twimg.com/media/C3JomSeWIAEcwnS.jpg , jpeg 
https://pbs.twimg.com/media/C3EmFpfW8AAfFAg.jpg , jpeg 
https://pbs.twimg.com/media/C3I-xEiWEAEXJmR.jpg , jpeg 
https://pbs.twimg.com/media/C3CBZe-W8AAHpIN.jpg , jpeg 
https://pbs.twimg.com/media/C3CqhZfXUAElBrb.jpg , jpeg 
https://pbs.twimg.com/media/C2_cbVPXcAAwjtz.jpg , jpeg 
https://pbs.twimg.com/media/C29sua0WQAENu3E.jpg , jpeg 
https://pbs.twimg.com/media/C26S5JxWIAAKat-.jpg , jpeg 
https://pbs.twimg.com/media/C25Agq6XEAEfun7.jpg , jpeg 
https://pbs.twimg.com/media/C25prt5WEAIrouh.jpg , jpeg 
https://pbs.twimg.com/media/C24ekL1WQAABolx.jpg , jpeg 
https://pbs.twimg.com/media/C2z276uVEAA-rlI.jpg , jpeg 
https://pbs.twimg.com/media/C2zNt5AUAAAmdgA.jpg , jpeg 
https://pbs.twimg.com/media/C20gE1IUkAE5jlh.jpg , jpeg 
https://pbs.twimg.com/media/C2ykreBXEAEwYuR.jpg , jpeg 
https://pbs.twimg.com/media/C2x7R2wWIAABBB7.jpg , jpeg 
https://pbs.twimg.com/media/C2v_rDpUcAAL4yR.jpg , jpeg 
https://pbs.twimg.com/media/C2vWdq-UkAE1XFX.jpg , jpeg 
https://pbs.twimg.com/media/Dfsjyh5WAAAzJQl.jpg , jpeg 
https://pbs.twimg.com/media/DfDXEiOX4AAznGj.jpg , jpeg 
https://pbs.twimg.com/media/DfDJkeyWAAI0Akl.jpg , jpeg 
https://pbs.twimg.com/media/De-NesbW4AEQF3e.jpg , jpeg 
https://pbs.twimg.com/ext_tw_video_thumb/852961414184484864/pu/img/eJy2X2IZ2nX417nF.jpg , jpeg 
https://pbs.twimg.com/media/C9-b6eJUAAE1BcI.jpg , jpeg 
https://pbs.twimg.com/media/C90QgfHVYAAkJno.jpg , jpeg 
https://pbs.twimg.com/media/C90QMfbUMAUwQvh.jpg , jpeg 
https://pbs.twimg.com/profile_images/1132807531972190208/0i3BQZPP_normal.jpg , jpeg 
https://pbs.twimg.com/media/C9vk8alUIAAAtoF.jpg , jpeg 
https://pbs.twimg.com/media/C9tiVW_U0AEsP9-.jpg , jpeg 
https://pbs.twimg.com/media/C9jT_6kVoAABQho.jpg , jpeg 
https://pbs.twimg.com/media/C9EOSLjUIAAHq47.jpg , jpeg 
https://pbs.twimg.com/media/C81l2m4XYAIgi5R.jpg , jpeg 
https://pbs.twimg.com/media/CyO9il2UQAAg8ZA.jpg , jpeg 
https://pbs.twimg.com/media/CyNrGEUUAAAAg5q.jpg , jpeg 
https://pbs.twimg.com/media/CyNB90DUUAAoGzf.jpg , jpeg 
https://pbs.twimg.com/media/CyMYxj5UQAAg67f.jpg , jpeg 
https://pbs.twimg.com/media/CxUYrv8XAAAEkgD.jpg , jpeg 
https://pbs.twimg.com/media/CxTvZRpUAAID94s.jpg , jpeg 
https://pbs.twimg.com/media/CxScwUjVEAQ9e8g.jpg , jpeg 
https://pbs.twimg.com/media/CxTGDEYWQAA7A4C.jpg , jpeg 
https://pbs.twimg.com/media/CwtHYNhUcAE8rXO.jpg , jpeg 
https://pbs.twimg.com/media/Cwr09fhUAAApvdO.jpg , jpeg 
https://pbs.twimg.com/media/CwseBBAWgAAFWCh.jpg , jpeg 
https://pbs.twimg.com/media/Cwp5SAfXgAEXHJA.jpg , jpeg 
https://pbs.twimg.com/media/CwqieqLWgAQCY-l.jpg , jpeg 
https://pbs.twimg.com/media/CwMtug_XEAIXpco.jpg , jpeg 
https://pbs.twimg.com/media/CwNWx9nWEAAGUcX.jpg , jpeg 
https://pbs.twimg.com/media/CwINUMLWgAATB44.jpg , jpeg 
https://pbs.twimg.com/media/CwI2h-LXEAcasBA.jpg , jpeg 
https://pbs.twimg.com/media/CwBH-VUXEAETWxP.jpg , jpeg 
https://pbs.twimg.com/media/CwAezkgWEAIkEnT.jpg , jpeg 
https://pbs.twimg.com/media/Cv96FrqWYAARTVv.jpg , jpeg 
https://pbs.twimg.com/media/Cv_MXuUWEAEdoqd.jpg , jpeg 
https://pbs.twimg.com/media/Cv-jM6_W8AIQBfs.jpg , jpeg 
https://pbs.twimg.com/media/Cvi3oN3XYAAQwqI.jpg , jpeg 
https://pbs.twimg.com/media/CvjhGr0WAAEG5xd.jpg , jpeg 
https://pbs.twimg.com/media/CvhlaQpXgAAKGDY.jpg , jpeg 
https://pbs.twimg.com/media/Cvfpr0_W8AAe8W_.jpg , jpeg 
https://pbs.twimg.com/media/CvduRhaWAAEz0-U.jpg , jpeg 
https://pbs.twimg.com/media/CvdE9ZsWEAA0Eog.jpg , jpeg 
https://pbs.twimg.com/media/CvX7e_4WIAAk8_n.jpg , jpeg 
https://pbs.twimg.com/media/CvYkcrqW8AQ6_Z-.jpg , jpeg 
https://pbs.twimg.com/media/CvXSNA0WgAACqn5.jpg , jpeg 
https://pbs.twimg.com/media/CvV_uwlWYAAROCq.jpg , jpeg 
https://pbs.twimg.com/media/CvTbJaJWAAADBSP.jpg , jpeg 
https://pbs.twimg.com/media/CvUET2pW8AAuOd0.jpg , jpeg 
https://pbs.twimg.com/media/CvQM9RLXEAAA_6G.jpg , jpeg 
https://pbs.twimg.com/media/CvSIrv4VIAE80oI.jpg , jpeg 
https://pbs.twimg.com/media/CvQ2GT9WAAALd40.jpg , jpeg 
https://pbs.twimg.com/media/CvPj2WlWcAAav-z.jpg , jpeg 
https://pbs.twimg.com/media/CvO6qQTUsAAHQ3i.jpg , jpeg 
https://pbs.twimg.com/media/CvORb6oXEAAtStu.jpg , jpeg 
https://pbs.twimg.com/media/CvM--TNXEAAfoiv.jpg , jpeg 
https://pbs.twimg.com/media/CvJILDfWEAA73B8.jpg , jpeg 
https://pbs.twimg.com/media/CvJw5ZUWIAAJXDt.jpg , jpeg 
https://pbs.twimg.com/media/CvH1Rx8WcAA5fVm.jpg , jpeg 
https://pbs.twimg.com/media/CvIernIWYAAY1r2.jpg , jpeg 
https://pbs.twimg.com/media/CvGi6dzWAAUBu46.jpg , jpeg 
https://pbs.twimg.com/media/CvHMFncWEAAyxFH.jpg , jpeg 
https://pbs.twimg.com/media/CvF5rikWcAABWhk.jpg , jpeg 
https://pbs.twimg.com/media/CvFQqXBW8AU2llr.jpg , jpeg 
https://pbs.twimg.com/media/CvBZSxmXgAAfvrz.jpg , jpeg 
https://pbs.twimg.com/media/CvCCrxJWEAA1BNF.jpg , jpeg 
https://pbs.twimg.com/media/Cu-06StWAAE512f.jpg , jpeg 
https://pbs.twimg.com/media/Cu_d8uvWIAQlRBV.jpg , jpeg 
https://pbs.twimg.com/media/Cu9iIJzWgAArY7Q.jpg , jpeg 
https://pbs.twimg.com/media/Cu-LkFgWcAEPQ2D.jpg , jpeg 
https://pbs.twimg.com/media/Cu8PwnHXEAALaJx.jpg , jpeg 
https://pbs.twimg.com/media/Cu7mjwZWYAA-jv5.jpg , jpeg 
https://pbs.twimg.com/media/Cu2dEk5WIAAMx7L.jpg , jpeg 
https://pbs.twimg.com/media/CuxTbfeW8AQSBzE.jpg , jpeg 
https://pbs.twimg.com/media/CuwqOZLWIAAKDWB.jpg , jpeg 
https://pbs.twimg.com/media/CurgiTpWAAAyrVO.jpg , jpeg 
https://pbs.twimg.com/media/CusJzF2XYAAOFTh.jpg , jpeg 
https://pbs.twimg.com/media/CujI-NOXYAAKGm4.jpg , jpeg 
https://pbs.twimg.com/media/Cuh2qY2WEAElB9M.jpg , jpeg 
https://pbs.twimg.com/media/CuifxoZWEAE1Kyo.jpg , jpeg 
https://pbs.twimg.com/media/CugkYQjXEAADXJJ.jpg , jpeg 
https://pbs.twimg.com/media/CuhNZdvWAAAHPEI.jpg , jpeg 
https://pbs.twimg.com/media/Cuf7n_aWEAAocRV.jpg , jpeg 
https://pbs.twimg.com/media/CufSLcjXEAAKzz2.jpg , jpeg 
https://pbs.twimg.com/media/CuepD1VXgAA_nHc.jpg , jpeg 
https://pbs.twimg.com/media/Cud_XuFWAAAZRdU.jpg , jpeg 
https://pbs.twimg.com/media/CudWPkLWEAAckCw.jpg , jpeg 
https://pbs.twimg.com/media/CuaI3XbWIAAT2x2.jpg , jpeg 
https://pbs.twimg.com/media/CuZfBjaWgAAlpE_.jpg , jpeg 
https://pbs.twimg.com/media/CuWQ_eMXEAA2KR2.jpg , jpeg 
https://pbs.twimg.com/media/CuTsamqWYAAyfnH.jpg , jpeg 
https://pbs.twimg.com/media/CuTDB1rWcAAFkl-.jpg , jpeg 
https://pbs.twimg.com/media/CuSaBspWYAAog3x.jpg , jpeg 
https://pbs.twimg.com/media/CuRw0hhWIAEcz5J.jpg , jpeg 
https://pbs.twimg.com/media/CuRHZrRXYAA3n9Y.jpg , jpeg 
https://pbs.twimg.com/media/CuQexOTXgAATrKX.jpg , jpeg 
https://pbs.twimg.com/media/CuP1PLQXYAAEV9i.jpg , jpeg 
https://pbs.twimg.com/media/CuPL6cFWcAADYnX.jpg , jpeg 
https://pbs.twimg.com/media/CuIGmz7XYAAtZdZ.jpg , jpeg 
https://pbs.twimg.com/media/CuIv5S4WAAADbVT.jpg , jpeg 
https://pbs.twimg.com/media/CuHdbSuUkAI7vSr.jpg , jpeg 
https://pbs.twimg.com/media/CuG0NYIW8AAk1_U.jpg , jpeg 
https://pbs.twimg.com/media/Ct_F7H5WcAAVtkP.jpg , jpeg 
https://pbs.twimg.com/media/Ct-cs3nWAAABwI8.jpg , jpeg 
https://pbs.twimg.com/media/Ct9KTElW8AAAq9P.jpg , jpeg 
https://pbs.twimg.com/media/Ct731MaWIAAD2XE.jpg , jpeg 
https://pbs.twimg.com/media/Ct7OpwzXYAAz8Ve.jpg , jpeg 
https://pbs.twimg.com/media/Ct2uZVeWAAApFRU.jpg , jpeg 
https://pbs.twimg.com/media/Ct2FS0PWIAAb1_e.jpg , jpeg 
https://pbs.twimg.com/media/Ct0JmxuWEAAIUzk.jpg , jpeg 
https://pbs.twimg.com/media/Ct1b37sXYAEli3v.jpg , jpeg 
https://pbs.twimg.com/media/CtwSXTMWAAA_qB4.jpg , jpeg 
https://pbs.twimg.com/media/Ctw7c7EWAAAe2sH.jpg , jpeg 
https://pbs.twimg.com/media/CtsbPPAXYAEgbkn.jpg , jpeg 
https://pbs.twimg.com/media/Ctrx_eEW8AArqeW.jpg , jpeg 
https://pbs.twimg.com/media/CtnRuerWYAAK5WX.jpg , jpeg 
https://pbs.twimg.com/media/CtmoSrsWAAANfYb.jpg , jpeg 
https://pbs.twimg.com/media/Cthe0fuXEAAvCb2.jpg , jpeg 
https://pbs.twimg.com/media/CtdnfJqWAAAjROJ.jpg , jpeg 
https://pbs.twimg.com/media/CtUmwrWXgAAxYWW.jpg , jpeg 
https://pbs.twimg.com/media/CtT9gryWAAES-YA.jpg , jpeg 
https://pbs.twimg.com/media/CtSCG7yWAAANP6h.jpg , jpeg 
https://pbs.twimg.com/media/CtRYufxXgAESZnW.jpg , jpeg 
https://pbs.twimg.com/media/CtK8uaCWEAAiCQ6.jpg , jpeg 
https://pbs.twimg.com/media/CtJqVOnXYAED-vv.jpg , jpeg 
https://pbs.twimg.com/media/CtKTkvpXEAAHWiz.jpg , jpeg 
https://pbs.twimg.com/media/CtHFkEkXYAAFdYS.jpg , jpeg 
https://pbs.twimg.com/media/CtGcbFaWAAAUEa3.jpg , jpeg 
https://pbs.twimg.com/media/CtEqxKNW8AAf9UW.jpg , jpeg 
https://pbs.twimg.com/media/CtFKDVOWIAEfDVv.jpg , jpeg 
https://pbs.twimg.com/media/CtD3llWXYAEvNvA.jpg , jpeg 
https://pbs.twimg.com/media/CtApjOqXEAEEKm9.jpg , jpeg 
https://pbs.twimg.com/media/CtAAYt4WgAA6z7s.jpg , jpeg 
https://pbs.twimg.com/media/Cs620boWEAEfcGk.jpg , jpeg 
https://pbs.twimg.com/media/Cs7f-w_UkAEv2SI.jpg , jpeg 
https://pbs.twimg.com/media/Cs47QaKXEAEPHdW.jpg , jpeg 
https://pbs.twimg.com/media/Cs4SMrYWEAAslNS.jpg , jpeg 
https://pbs.twimg.com/media/Cs2_o2FWEAARlSm.jpg , jpeg 
https://pbs.twimg.com/media/Cs3o1V-XYAQCj1x.jpg , jpeg 
https://pbs.twimg.com/media/Cs2WeDkUEAEvLHC.jpg , jpeg 
https://pbs.twimg.com/media/Cs0a85xWgAEOFCv.jpg , jpeg 
https://pbs.twimg.com/media/Cs1EJcKWYAAkuHL.jpg , jpeg 
https://pbs.twimg.com/media/Cszxu1uXgAABeLK.jpg , jpeg 
https://pbs.twimg.com/media/Cswjk-SXEAE-zfA.jpg , jpeg 
https://pbs.twimg.com/media/CsxM7CQXYAIGkBe.jpg , jpeg 
https://pbs.twimg.com/media/CstVnUcW8AASCNB.jpg , jpeg 
https://pbs.twimg.com/media/CsqHms3WcAAKi8v.jpg , jpeg 
https://pbs.twimg.com/media/CsoMJAwWcAAzseU.jpg , jpeg 
https://pbs.twimg.com/media/Cso1RrXXYAAu6VR.jpg , jpeg 
https://pbs.twimg.com/media/CslnUM8WEAAmx-a.jpg , jpeg 
https://pbs.twimg.com/media/Csk-EZ6WAAAsGl7.jpg , jpeg 
https://pbs.twimg.com/media/CsiZNAlXEAA0Xu-.jpg , jpeg 
https://pbs.twimg.com/media/CsjChwWWgAAscC8.jpg , jpeg 
https://pbs.twimg.com/media/Csd42tIXEAApkg0.jpg , jpeg 
https://pbs.twimg.com/media/Csf3sqUXYAUUxIF.jpg , jpeg 
https://pbs.twimg.com/media/Csb9RvWXYAAzyfi.jpg , jpeg 
https://pbs.twimg.com/media/CsbUJMvWAAQo_rL.jpg , jpeg 
https://pbs.twimg.com/media/CsaBtfRXEAAT9La.jpg , jpeg 
https://pbs.twimg.com/media/CsZYiyOWEAENIZX.jpg , jpeg 
https://pbs.twimg.com/media/CsYvXTyXYAA4oop.jpg , jpeg 
https://pbs.twimg.com/media/CsYGChiWIAEKduN.jpg , jpeg 
https://pbs.twimg.com/media/CsUO_b9WgAApj7D.jpg , jpeg 
https://pbs.twimg.com/media/CsU4ZMXWgAAr1zV.jpg , jpeg 
https://pbs.twimg.com/media/CsRBALjWAAAWalP.jpg , jpeg 
https://pbs.twimg.com/media/CsRqC3NWcAAk-Ra.jpg , jpeg 
https://pbs.twimg.com/media/CsPFQmRXYAAX4Im.jpg , jpeg 
https://pbs.twimg.com/media/CsPutfVWYAIhGg3.jpg , jpeg 
https://pbs.twimg.com/media/CsOcCx6XEAAFTjE.jpg , jpeg 
https://pbs.twimg.com/media/CsLONuhXYAEtf5R.jpg , jpeg 
https://pbs.twimg.com/media/CsKlT9iXgAAghGC.jpg , jpeg 
https://pbs.twimg.com/media/CsHXAf3XgAAeNfu.jpg , jpeg 
https://pbs.twimg.com/media/CsGtqR1W8AAHWdl.jpg , jpeg 
https://pbs.twimg.com/media/CsBkHuNWAAAJvKm.jpg , jpeg 
https://pbs.twimg.com/media/CsCNVwmWIAAs_gp.jpg , jpeg 
https://pbs.twimg.com/media/CsARs0fWAAEygS2.jpg , jpeg 
https://pbs.twimg.com/media/Cr_oebcWEAELPQ6.jpg , jpeg 
https://pbs.twimg.com/media/Cr8aiAiXYAAXAZP.jpg , jpeg 
https://pbs.twimg.com/media/Cr7xS-jWAAA0jNE.jpg , jpeg 
https://pbs.twimg.com/media/Cr36HIuW8AAOtLv.jpg , jpeg 
https://pbs.twimg.com/media/Cr4jZqIVIAEFzHt.jpg , jpeg 
https://pbs.twimg.com/media/CrywkWpWIAASQLj.jpg , jpeg 
https://pbs.twimg.com/media/CryHZN9XgAMg_FL.jpg , jpeg 
https://pbs.twimg.com/media/Crvig7PWcAAYgZG.jpg , jpeg 
https://pbs.twimg.com/media/Cru5bYZWEAEduo2.jpg , jpeg 
https://pbs.twimg.com/media/CruQHuOWEAA5EOy.jpg , jpeg 
https://pbs.twimg.com/media/CrpvubpWcAEI7Z-.jpg , jpeg 
https://pbs.twimg.com/media/CrrCKipW8AAEvSD.jpg , jpeg 
https://pbs.twimg.com/media/CrqY-zgWIAAY_1_.jpg , jpeg 
https://pbs.twimg.com/media/Crdg_11W8AAqlBF.jpg , jpeg 
https://pbs.twimg.com/media/Crc3vfWWYAA650f.jpg , jpeg 
https://pbs.twimg.com/media/CrcOsfuXgAAfJ6B.jpg , jpeg 
https://pbs.twimg.com/media/CrblZGNW8AAPo_r.jpg , jpeg 
https://pbs.twimg.com/media/CrWb9QuXgAAt4Qw.jpg , jpeg 
https://pbs.twimg.com/media/CrVyn5zUIAEeuNJ.jpg , jpeg 
https://pbs.twimg.com/media/CrP_0b1VUAAFAlc.jpg , jpeg 
https://pbs.twimg.com/media/CrRSRlGW8AAG_Ur.jpg , jpeg 
https://pbs.twimg.com/media/CrPWkTLUEAIUEl4.jpg , jpeg 
https://pbs.twimg.com/media/CrFsvDbXEAA_TLM.jpg , jpeg 
https://pbs.twimg.com/media/CrFDat0WYAAY1-K.jpg , jpeg 
https://pbs.twimg.com/media/CrDH79UWIAM1jra.jpg , jpeg 
https://pbs.twimg.com/media/CrDxCfyXEAEeeBC.jpg , jpeg 
https://pbs.twimg.com/media/CrCen7_WgAA71Zo.jpg , jpeg 
https://pbs.twimg.com/media/CrB1lMFWgAAMsEM.jpg , jpeg 
https://pbs.twimg.com/media/C8lyaAwVwAEMq83.jpg , jpeg 
https://pbs.twimg.com/media/C8GiaShUwAAq4cV.jpg , jpeg 
https://pbs.twimg.com/media/C8GHIqgV4AERRCI.jpg , jpeg 
https://pbs.twimg.com/media/C74AXp0V4AAw0ST.jpg , jpeg 
https://pbs.twimg.com/media/C73D9uOUwAAdSI-.jpg , jpeg 
https://pbs.twimg.com/media/C7xw-GGVUAENsb_.jpg , jpeg 
https://pbs.twimg.com/media/C7kALD9WsAAnSYt.jpg , jpeg 
https://pbs.twimg.com/media/C7TZbiKVwAAd5iz.jpg , jpeg 
https://pbs.twimg.com/media/C7OXFasVsAAMh1r.jpg , jpeg 
https://pbs.twimg.com/media/C7LC7B1U4AAJaa1.jpg , jpeg 
https://pbs.twimg.com/media/C7IvftzV0AAmh1z.jpg , jpeg 
https://pbs.twimg.com/media/C7DTmG0V4AAcA9C.jpg , jpeg 
https://pbs.twimg.com/media/C61YIJBV4AA8vvW.jpg , jpeg 
https://pbs.twimg.com/media/C6wcq6TU8AAM6Qy.jpg , jpeg 
https://pbs.twimg.com/media/C6unRPkVoAESM_t.jpg , jpeg 
https://pbs.twimg.com/media/C6shxmKVoAA-MMJ.jpg , jpeg 
https://pbs.twimg.com/media/C6qdRTyVAAAx251.jpg , jpeg 
https://pbs.twimg.com/media/C6pR6Y4VAAAqyrO.jpg , jpeg 
https://pbs.twimg.com/media/C6gClsIVAAAA1KL.jpg , jpeg 
https://pbs.twimg.com/media/C6b7LfTVYAAyxYk.jpg , jpeg 
https://pbs.twimg.com/media/C6bUB51VAAA9J60.jpg , jpeg 
https://pbs.twimg.com/media/C6WBeewVUAISVv5.jpg , jpeg 
https://pbs.twimg.com/media/C6OetnNUsAABmWL.jpg , jpeg 
https://pbs.twimg.com/media/C6GnszzUsAA6x_2.jpg , jpeg 
https://pbs.twimg.com/media/C6FpU3fU4AEvdG1.jpg , jpeg 
https://pbs.twimg.com/media/C6Bni4NU0AAbSeu.jpg , jpeg 
https://pbs.twimg.com/media/C59nNkmVUAA7iO-.jpg , jpeg 
https://pbs.twimg.com/media/C58_7_0UsAA5Tj5.jpg , jpeg 
https://pbs.twimg.com/media/C58Mh-VUwAAjU3y.jpg , jpeg 
https://pbs.twimg.com/media/C57Riq1U0AEZnT_.jpg , jpeg 
https://pbs.twimg.com/media/C5zZQ0aU0AI9nbT.jpg , jpeg 
https://pbs.twimg.com/media/C5ydShYU4AAS5iU.jpg , jpeg 
https://pbs.twimg.com/media/C5sQDEVUoAAE-QC.jpg , jpeg 
https://pbs.twimg.com/media/C5mRzj0UwAA-Isj.jpg , jpeg 
https://pbs.twimg.com/media/C5h6vU2UoAEEWiJ.jpg , jpeg 
https://pbs.twimg.com/media/C5hjX9OU4AASqDd.jpg , jpeg 
https://pbs.twimg.com/media/C5O1nd2VMAAlqUI.jpg , jpeg 
https://pbs.twimg.com/media/C5JcwrHUkAAjyRf.jpg , jpeg 
https://pbs.twimg.com/media/C5Dqq4xUoAAbYD-.jpg , jpeg 
https://pbs.twimg.com/media/C5CmiFMVcAIEUne.jpg , jpeg 
https://pbs.twimg.com/media/C4-ScukUkAAuItQ.jpg , jpeg 
https://pbs.twimg.com/ext_tw_video_thumb/831183967885815808/pu/img/pikNAoxRwHhRVNw_.jpg , jpeg 
https://pbs.twimg.com/media/C44WmpeUoAEKZfc.jpg , jpeg 
https://pbs.twimg.com/media/C40AKqQVcAAvY0F.jpg , jpeg 
https://pbs.twimg.com/media/C4zPOYCUMAECLCw.jpg , jpeg 
https://pbs.twimg.com/media/C4vDNlJUEAAepDz.jpg , jpeg 
https://pbs.twimg.com/media/C4ey6EnUYAAP_Nl.jpg , jpeg 
https://pbs.twimg.com/ext_tw_video_thumb/829170724245901312/pu/img/y2e2YcQ98ZPculR9.jpg , jpeg 
https://pbs.twimg.com/profile_images/996762691321696257/6KSO9uMt_bigger.jpg , jpeg 
https://pbs.twimg.com/media/C4P69I8UkAIRCuo.jpg , jpeg 
https://pbs.twimg.com/media/C4PNv6oUEAAPDZU.jpg , jpeg 
https://pbs.twimg.com/media/C4LZ_6TUcAEa63l.jpg , jpeg 
https://pbs.twimg.com/media/C4GgKbCUoAInDZp.jpg , jpeg 
https://pbs.twimg.com/media/C4B1qNIUkAAbc-g.jpg , jpeg 
https://pbs.twimg.com/media/C3_sOJDUkAICAWI.jpg , jpeg 
https://pbs.twimg.com/profile_images/923776603078918144/X4N7tbgz_bigger.jpg , jpeg 
https://pbs.twimg.com/media/C387L-gUYAAZSdA.jpg , jpeg 
https://pbs.twimg.com/media/C38mCnLVYAAsFPP.jpg , jpeg 
https://pbs.twimg.com/media/C36p_sKUMAInh04.jpg , jpeg 
https://pbs.twimg.com/media/C33iy59UEAAdluR.jpg , jpeg 
https://pbs.twimg.com/media/C3xXUDUUcAABOPM.jpg , jpeg 
https://pbs.twimg.com/media/C3w8Cg6UYAEyGbP.jpg , jpeg 
https://pbs.twimg.com/media/C3tcvTUUYAAXrem.jpg , jpeg 
https://pbs.twimg.com/media/C3sHbe8UkAA9m_3.jpg , jpeg 
https://pbs.twimg.com/media/C3rCwoXUMAAe5pN.jpg , jpeg 
https://pbs.twimg.com/media/C3mtGcQUcAUmtKn.jpg , jpeg 
https://pbs.twimg.com/media/C3l1Xm6UEAAbrZF.jpg , jpeg 
https://pbs.twimg.com/media/C3i2wLNWMAA7kVA.jpg , jpeg 
https://pbs.twimg.com/media/C3iCi5LUcAAlN7c.jpg , jpeg 
https://pbs.twimg.com/media/C3dW2FQUkAEfv2S.jpg , jpeg 
https://pbs.twimg.com/media/C3OQLKWWMAQtEyW.jpg , jpeg 
https://pbs.twimg.com/media/C3Nm4aBWMAEAHY6.jpg , jpeg 
https://pbs.twimg.com/media/C2-zQ3CWEAAXSy3.jpg , jpeg 
https://pbs.twimg.com/media/C2-KPGzWgAcqL-G.jpg , jpeg 
https://pbs.twimg.com/media/C21JP2NUoAA8pEE.jpg , jpeg 
https://pbs.twimg.com/media/CyOUT0nUoAAgqYl.jpg , jpeg 
https://pbs.twimg.com/media/CyLve7xXgAEVGKz.jpg , jpeg 
https://pbs.twimg.com/media/CwrMGqhWIAA4Hh-.jpg , jpeg 
https://pbs.twimg.com/media/CwjPi0dXEAAM6sU.jpg , jpeg 
https://pbs.twimg.com/media/CwN__JyXgAAP-CO.jpg , jpeg 
https://pbs.twimg.com/media/CwMEpd7WEAAtPIj.jpg , jpeg 
https://pbs.twimg.com/media/CwLbJqIWYAAOnVC.jpg , jpeg 
https://pbs.twimg.com/media/CwKx9GPW8AEiXFf.jpg , jpeg 
https://pbs.twimg.com/media/CwKIwkvWYAEGtp5.jpg , jpeg 
https://pbs.twimg.com/media/CwJflbdWEAAyjmg.jpg , jpeg 
https://pbs.twimg.com/media/CwIChP9XYAAwbl7.jpg , jpeg 
https://pbs.twimg.com/media/CwCaXpAW8AgFPmk.jpg , jpeg 
https://pbs.twimg.com/media/CwBxVrKWgAA0Z8v.jpg , jpeg 
https://pbs.twimg.com/media/Cv9aneVXEAA-38r.jpg , jpeg 
https://pbs.twimg.com/media/CvkKEEpWEAEvmZv.jpg , jpeg 
https://pbs.twimg.com/media/CviOcOTXEAACSet.jpg , jpeg 
https://pbs.twimg.com/media/CvfAi4IXYAAvp2Q.jpg , jpeg 
https://pbs.twimg.com/media/CveXSFxW8AAjvWF.jpg , jpeg 
https://pbs.twimg.com/media/CvcbyWqWIAADSuJ.jpg , jpeg 
https://pbs.twimg.com/media/CvZNplYWcAEObTj.jpg , jpeg 
https://pbs.twimg.com/media/CvVWdf6WIAEK-7_.jpg , jpeg 
https://pbs.twimg.com/media/CvUtVqLWIAA_L7w.jpg , jpeg 
https://pbs.twimg.com/media/CvS0DPmWgAAxbZV.jpg , jpeg 
https://pbs.twimg.com/media/CvNoFzAWcAEBihs.jpg , jpeg 
https://pbs.twimg.com/media/CvEnWmAWcAAQ4Mt.jpg , jpeg 
https://pbs.twimg.com/media/CvD-UM8WEAA_lUq.jpg , jpeg 
https://pbs.twimg.com/media/CvDVF98WgAAwdHn.jpg , jpeg 
https://pbs.twimg.com/media/CvCrz7BW8AA1pWp.jpg , jpeg 
https://pbs.twimg.com/media/CvAwJLOWAAAPbcL.jpg , jpeg 
https://pbs.twimg.com/media/CvAG_VkWcAAunNY.jpg , jpeg 
https://pbs.twimg.com/media/Cu85BD5W8AAlZvb.jpg , jpeg 
https://pbs.twimg.com/media/Cu69Y6CWEAA3kCN.jpg , jpeg 
https://pbs.twimg.com/media/Cu3GHHuWgAAY1GS.jpg , jpeg 
https://pbs.twimg.com/media/Cu1zzAgW8AEnIGj.jpg , jpeg 
https://pbs.twimg.com/media/Cu1KuLFW8AAcADJ.jpg , jpeg 
https://pbs.twimg.com/media/CuzPBWBWEAAsoV0.jpg , jpeg 
https://pbs.twimg.com/media/Cux8l1cWAAA-JwY.jpg , jpeg 
https://pbs.twimg.com/media/CuwBAhtXgAAZrrj.jpg , jpeg 
https://pbs.twimg.com/media/CuvX17ZWYAAQJ1T.jpg , jpeg 
https://pbs.twimg.com/media/CuuuzpKW8AAPF2-.jpg , jpeg 
https://pbs.twimg.com/media/CuuFez5XEAA4OGi.jpg , jpeg 
https://pbs.twimg.com/media/CutcLbbWgAAQvQc.jpg , jpeg 
https://pbs.twimg.com/media/CujyPOAXEAAMHtc.jpg , jpeg 
https://pbs.twimg.com/media/CuctO1RWEAAT62j.jpg , jpeg 
https://pbs.twimg.com/media/CucD4gSWgAEOXOP.jpg , jpeg 
https://pbs.twimg.com/media/CubarxnXgAApErj.jpg , jpeg 
https://pbs.twimg.com/media/Cuax9eUWAAA8eUw.jpg , jpeg 
https://pbs.twimg.com/media/CuW6fFiXEAArZOE.jpg , jpeg 
https://pbs.twimg.com/media/CuVn_kBWAAI33tE.jpg , jpeg 
https://pbs.twimg.com/media/CuU-pBSWgAAX5dz.jpg , jpeg 
https://pbs.twimg.com/media/CuUVaLcXYAABnDr.jpg , jpeg 
https://pbs.twimg.com/media/CuOiraGWAAA9bLl.jpg , jpeg 
https://pbs.twimg.com/media/CuN5eYGWAAAtBMG.jpg , jpeg 
https://pbs.twimg.com/media/CuNeW8yWIAAL2zC.jpg , jpeg 
https://pbs.twimg.com/media/CuNQN6WWAAAUHiF.jpg , jpeg 
https://pbs.twimg.com/media/CuMnEIVW8AAFQHR.jpg , jpeg 
https://pbs.twimg.com/media/CuJZW5UUkAA_SAW.jpg , jpeg 
https://pbs.twimg.com/media/CuC9DUOXgAEcfQC.jpg , jpeg 
https://pbs.twimg.com/media/CuCT318WYAQvY9m.jpg , jpeg 
https://pbs.twimg.com/media/CuBqnl5WEAAhgb2.jpg , jpeg 
https://pbs.twimg.com/media/CuBBdtxWcAA7q-x.jpg , jpeg 
https://pbs.twimg.com/media/CuAYaZnWYAIrv2W.jpg , jpeg 
https://pbs.twimg.com/media/Ct_vDXcXgAApw1h.jpg , jpeg 
https://pbs.twimg.com/media/Ct9ze-sXYAE6WWd.jpg , jpeg 
https://pbs.twimg.com/media/Ct6lbp1WEAATSFD.jpg , jpeg 
https://pbs.twimg.com/media/Ct58ZgWWgAAP7hT.jpg , jpeg 
https://pbs.twimg.com/media/Ct5TFKJXgAA8Yx5.jpg , jpeg 
https://pbs.twimg.com/media/Ct4p3nhW8AAlVaw.jpg , jpeg 
https://pbs.twimg.com/media/Ct3XiMOXgAAtcAR.jpg , jpeg 
https://pbs.twimg.com/media/CtzgXXTWEAAICDR.jpg , jpeg 
https://pbs.twimg.com/media/Cty3HouXEAAy1Vb.jpg , jpeg 
https://pbs.twimg.com/media/CtyN3ZBWAAIIE-U.jpg , jpeg 
https://pbs.twimg.com/media/CtxkwdMW8AAUHW4.jpg , jpeg 
https://pbs.twimg.com/media/CttEQaNW8AAhH53.jpg , jpeg 
https://pbs.twimg.com/media/CtrIufnXgAEP5VL.jpg , jpeg 
https://pbs.twimg.com/media/Ctqfdi2XYAAoGtp.jpg , jpeg 
https://pbs.twimg.com/media/Ctp2TIYWAAAtKlE.jpg , jpeg 
https://pbs.twimg.com/media/Ctn64cpXEAAO1q9.jpg , jpeg 
https://pbs.twimg.com/media/Ctl_KUnXYAARyop.jpg , jpeg 
https://pbs.twimg.com/media/CtksvOIWEAAXK55.jpg , jpeg 
https://pbs.twimg.com/media/CtkDoI5WcAAFEjy.jpg , jpeg 
https://pbs.twimg.com/media/CtiIJWoXEAAJMKL.jpg , jpeg 
https://pbs.twimg.com/media/Ctc-Zb4WYAACx5V.jpg , jpeg 
https://pbs.twimg.com/media/CtcVN6BXgAAvngg.jpg , jpeg 
https://pbs.twimg.com/media/Ctbxq8JWYAAwZGz.jpg , jpeg 
https://pbs.twimg.com/media/CtTUXSOWcAAtCaP.jpg , jpeg 
https://pbs.twimg.com/media/CtSrZD6WYAA3Nl0.jpg , jpeg 
https://pbs.twimg.com/media/CtNhjF4WcAAMThz.jpg , jpeg 
https://pbs.twimg.com/media/CtM4ZcjWAAEZQjp.jpg , jpeg 
https://pbs.twimg.com/media/CtMPJBUW8AAoaXp.jpg , jpeg 
https://pbs.twimg.com/media/CtLl9xCXYAE-qmQ.jpg , jpeg 
https://pbs.twimg.com/media/CtJBI4xVIAAa3eI.jpg , jpeg 
https://pbs.twimg.com/media/CtIYA6NWcAABbz1.jpg , jpeg 
https://pbs.twimg.com/media/CtHu05AXgAQ46at.jpg , jpeg 
https://pbs.twimg.com/media/CtFzIu0XgAA6ng5.jpg , jpeg 
https://pbs.twimg.com/media/CtDOg-vWcAEpOqn.jpg , jpeg 
https://pbs.twimg.com/media/CtClNzIXYAAydw-.jpg , jpeg 
https://pbs.twimg.com/media/CtB8B0VWAAAFTTI.jpg , jpeg 
https://pbs.twimg.com/media/CtBS3eUWgAE57Fb.jpg , jpeg 
https://pbs.twimg.com/media/Cs_XJoFW8AEmHEy.jpg , jpeg 
https://pbs.twimg.com/media/Cs-t924WYAE63hK.jpg , jpeg 
https://pbs.twimg.com/media/Cs-FB8_WAA8RzGu.jpg , jpeg 
https://pbs.twimg.com/media/Cs9bxqKWAAAgWiI.jpg , jpeg 
https://pbs.twimg.com/media/Cs8yXWoWcAE14ql.jpg , jpeg 
https://pbs.twimg.com/media/Cs8JKvWWgAA9KK0.jpg , jpeg 
https://pbs.twimg.com/media/Cs6NljaUMAAbuKR.jpg , jpeg 
https://pbs.twimg.com/media/Cs5knHrXYAAiVk-.jpg , jpeg 
https://pbs.twimg.com/media/Cs1tK-jWYAAsiCZ.jpg , jpeg 
https://pbs.twimg.com/media/CszIiS6XYAALh-h.jpg , jpeg 
https://pbs.twimg.com/media/CsyfPFnXgAEX5D_.jpg , jpeg 
https://pbs.twimg.com/media/Csx2Ew8WcAQcz8h.jpg , jpeg 
https://pbs.twimg.com/media/Csv6k5ZWgAAc8TM.jpg , jpeg 
https://pbs.twimg.com/media/CsvRQCkWYAE-R6e.jpg , jpeg 
https://pbs.twimg.com/media/CsuoHujWIAAqIoc.jpg , jpeg 
https://pbs.twimg.com/media/Cst-0LWXYAAd6wY.jpg , jpeg 
https://pbs.twimg.com/media/CsssdTWXEAAYf-F.jpg , jpeg 
https://pbs.twimg.com/media/CssDMulWgAEQLbZ.jpg , jpeg 
https://pbs.twimg.com/media/CsraBZ-XEAQxC4K.jpg , jpeg 
https://pbs.twimg.com/media/Csqw8amWEAA5SzP.jpg , jpeg 
https://pbs.twimg.com/media/CspegwyWIAIyc5f.jpg , jpeg 
https://pbs.twimg.com/media/Csni1cOWcAAP1EH.jpg , jpeg 
https://pbs.twimg.com/media/Csm5pfVWAAA_0Xo.jpg , jpeg 
https://pbs.twimg.com/media/CsmQfLDWIAIO48m.jpg , jpeg 
https://pbs.twimg.com/media/CskU6hxWgAAsThF.jpg , jpeg 
https://pbs.twimg.com/media/Csjrm5rXYAAuR-L.jpg , jpeg 
https://pbs.twimg.com/media/CshwBPpWIAE4qZo.jpg , jpeg 
https://pbs.twimg.com/media/CshG05YWIAAcKox.jpg , jpeg 
https://pbs.twimg.com/media/CsgdwkMXgAAIJFD.jpg , jpeg 
https://pbs.twimg.com/media/CsdPuX1WAAAnTSm.jpg , jpeg 
https://pbs.twimg.com/media/Cscmc6eWgAAVmOx.jpg , jpeg 
https://pbs.twimg.com/media/Csaq0t3WEAINgTY.jpg , jpeg 
https://pbs.twimg.com/media/CsXc3dgXEAEXQIb.jpg , jpeg 
https://pbs.twimg.com/media/CsWzpgKWgAEW1Qw.jpg , jpeg 
https://pbs.twimg.com/media/CsWKdzrXgAEi0K_.jpg , jpeg 
https://pbs.twimg.com/media/CsVhSM7XEAAyqal.jpg , jpeg 
https://pbs.twimg.com/media/CsTlxkjWYAAiih9.jpg , jpeg 
https://pbs.twimg.com/media/CsS8kqhUkAA71Nl.jpg , jpeg 
https://pbs.twimg.com/media/CsSTXzfWEAED9rR.jpg , jpeg 
https://pbs.twimg.com/media/CsQXrViWYAA-j8Z.jpg , jpeg 
https://pbs.twimg.com/media/CsNy5K7WcAAdkQ3.jpg , jpeg 
https://pbs.twimg.com/media/CsNJtTyW8AAC46q.jpg , jpeg 
https://pbs.twimg.com/media/CsMgi8ZWAAA25bd.jpg , jpeg 
https://pbs.twimg.com/media/CsL3VyBXgAAYDnZ.jpg , jpeg 
https://pbs.twimg.com/media/CsJ709oXYAAfFJ3.jpg , jpeg 
https://pbs.twimg.com/media/CsJSmHiWcAAo30U.jpg , jpeg 
https://pbs.twimg.com/media/CsIpZoGW8AAidKH.jpg , jpeg 
https://pbs.twimg.com/media/CsIAE4hXEAAv_mS.jpg , jpeg 
https://pbs.twimg.com/media/CsGEfaUXgAEKuXt.jpg , jpeg 
https://pbs.twimg.com/media/CsDfx2qXEAAuZWk.jpg , jpeg 
https://pbs.twimg.com/media/CsC2e-IWIAAqcAK.jpg , jpeg 
https://pbs.twimg.com/media/CsA64yBWEAAy4tQ.jpg , jpeg 
https://pbs.twimg.com/media/Cr-_T5HWgAA3dbu.jpg , jpeg 
https://pbs.twimg.com/media/Cr-WGgEW8AAzoUt.jpg , jpeg 
https://pbs.twimg.com/media/Cr9s9RCXEAAaEfx.jpg , jpeg 
https://pbs.twimg.com/media/Cr9Dr9JXgAU5rsY.jpg , jpeg 
https://pbs.twimg.com/media/Cr7IYtEWIAACRtW.jpg , jpeg 
https://pbs.twimg.com/media/Cr6e_riWEAA873A.jpg , jpeg 
https://pbs.twimg.com/media/Cr51t8eVIAAkFZ0.jpg , jpeg 
https://pbs.twimg.com/media/Cr3RAbMW8AA9y0L.jpg , jpeg 
https://pbs.twimg.com/media/Cr2o9HoUsAE4Yn5.jpg , jpeg 
https://pbs.twimg.com/media/Cr1VYqbWEAAqiFA.jpg , jpeg 
https://pbs.twimg.com/media/Cr0sItHXYAAfe8n.jpg , jpeg 
https://pbs.twimg.com/media/Cr0DAkWWAAA1oSK.jpg , jpeg 
https://pbs.twimg.com/media/CrzZuy4WgAAodsv.jpg , jpeg 
https://pbs.twimg.com/media/CrxePqgWEAAuEfp.jpg , jpeg 
https://pbs.twimg.com/media/Crw0__LXYAAZYoO.jpg , jpeg 
https://pbs.twimg.com/media/CrwLwdiW8AALE-s.jpg , jpeg 
https://pbs.twimg.com/media/CrtnAtRXgAArEBP.jpg , jpeg 
https://pbs.twimg.com/media/Crs93kzWIAQP5oq.jpg , jpeg 
https://pbs.twimg.com/media/CrsUjS4XgAArTiC.jpg , jpeg 
https://pbs.twimg.com/media/CrrrsOhW8AQP8Lp.jpg , jpeg 
https://pbs.twimg.com/media/CrpGh2DXgAAgVlJ.jpg , jpeg 
https://pbs.twimg.com/media/CrodXqCXYAMxVh1.jpg , jpeg 
https://pbs.twimg.com/media/CroA1mMWYAUP79C.jpg , jpeg 
https://pbs.twimg.com/media/CrezWwlUkAAwC-O.jpg , jpeg 
https://pbs.twimg.com/media/CreKSQeWcAAwy4m.jpg , jpeg 
https://pbs.twimg.com/media/Cra8KQ0WYAADdP3.jpg , jpeg 
https://pbs.twimg.com/media/CraS-LEWEAAv3RW.jpg , jpeg 
https://pbs.twimg.com/media/CrZp54CWYAAWcIk.jpg , jpeg 
https://pbs.twimg.com/media/CrZAmHEW8AETgTN.jpg , jpeg 
https://pbs.twimg.com/media/CrYXdEcXEAAf103.jpg , jpeg 
https://pbs.twimg.com/media/CrXuTpSWIAIpDL5.jpg , jpeg 
https://pbs.twimg.com/media/CrXFMYDWAAAn4oe.jpg , jpeg 
https://pbs.twimg.com/media/CrVJanzVUAELqrX.jpg , jpeg 
https://pbs.twimg.com/media/CrUgSkmVUAAgS5g.jpg , jpeg 
https://pbs.twimg.com/media/CrT3BEKXgAAQE1_.jpg , jpeg 
https://pbs.twimg.com/media/CrTNx4vWEAEhEzH.jpg , jpeg 
https://pbs.twimg.com/media/CrSktRdWEAEUe3i.jpg , jpeg 
https://pbs.twimg.com/media/CrR7kBDXEAATVE6.jpg , jpeg 
https://pbs.twimg.com/media/CrOtek7XEAA6I-c.jpg , jpeg 
https://pbs.twimg.com/media/CrOZg8wWgAA_3by.jpg , jpeg 
https://pbs.twimg.com/media/CrNyUN8WYAQmX7z.jpg , jpeg 
https://pbs.twimg.com/media/CrG_DzaW8AAhhSd.jpg , jpeg 
https://pbs.twimg.com/media/CrGV1IEWcAENtHT.jpg , jpeg 
https://pbs.twimg.com/media/CrEaPfiWYAEFkoe.jpg , jpeg 
https://pbs.twimg.com/media/CrBMSEwWEAMR2g8.jpg , jpeg 
https://pbs.twimg.com/media/CrAjHOKWAAAfnm2.jpg , jpeg 
https://pbs.twimg.com/media/Cq_51wkWYAAz9Gl.jpg , jpeg 
https://pbs.twimg.com/media/Cq_fda6WYAAKe_a.jpg , jpeg 
https://pbs.twimg.com/media/Cq9VDSbWgAAlpH2.jpg , jpeg 
https://pbs.twimg.com/media/Cq8r6MUWAAAPGxP.jpg , jpeg 
https://pbs.twimg.com/media/Cr5MioYUMAESOqh.jpg , jpeg 
https://b.thumbs.redditmedia.com/knVv8rwGLV1R_x70iquTx4Uyk7_T-zLEtvLf7qieCLo.png , png 
https://external-preview.redd.it/Lfxfm-FXyntrWNyFv-2Y21ZftNPmHoUHSfHJ1uFVvVw.png?auto=webp&s=2d1dde5346bc8598c866e0ebbe93e3a2cebb9092 , webp 
https://b.thumbs.redditmedia.com/6XDI5sq4X1Z_gVU5EguRRYC9XsRFFCNQkwxM_fE06YI.jpg , jpeg 
https://preview.redd.it/be37vozev1b31.jpg?width=640&crop=smart&auto=webp&s=05d988993d7d88bc25c7ad0e7f809b92ef7579df , webp 
https://preview.redd.it/j7rx3iouj2b31.jpg?width=640&crop=smart&auto=webp&s=0d9289838e42fd161066dc70689638e57ec37bbe , webp 
https://preview.redd.it/ef083w5yaya31.jpg?width=640&crop=smart&auto=webp&s=e6882456ca9b06fd30cbfe6b872ca77113f863cc , webp 
https://preview.redd.it/jg2uszc8qxa31.jpg?width=640&crop=smart&auto=webp&s=73e9dd9a929063084204262beda544ff360fe7cb , webp 
https://www.redditstatic.com/desktop2x/img/snoo-upvote.png , png 
https://www.redditstatic.com/desktop2x/img/renderTimingPixel.png , png 
https://aaxdetect.com/pxusr.gif?&type=1&vn=1 , gif 
https://aaxdetect.com/pxext.gif?&type=2&vn=1 , gif 
https://id.rlcdn.com/472486.gif?gtmcb=206756422 , jpg 
https://sb.scorecardresearch.com/p2?c1=2&c2=20632726&cv=2.0&cj=1&c7=https://www.reddit.com/r/MinecraftMemes/&c4=https://www.reddit.com/r/MinecraftMemes/ , gif 
https://i.redd.it/b5gtp33pu0b31.png , png 
https://pixel.quantserve.com/pixel;r=463486258;labels=Subreddit.minecraftmemes;rf=0;uh=6331a076813;a=p-xLEyC0FLYFXAH;url=https%3A%2F%2Fwww.redditmedia.com%2Fgtm%3Fid%3DGTM-5XVNS82%26cb%3Dnull;fpan=1;fpa=P0-1094524077-1563466588399;ns=1;ce=1;qjs=1;qv=4c19192-20180628134937;cm=;ref=;je=0;sr=800x600x24;enc=n;dst=1;et=1563466588398;tzo=-120;ogl= , gif 
https://i.redd.it/ett9banf30b31.jpg , jpeg 
https://www.redditstatic.com/gold/awards/icon/gold_32.png , png 
https://external-preview.redd.it/pLRRWv1oq9HSA7dcYFvs8ZvAHoLT-KiTHKmFxbdAi48.png?auto=webp&s=3b2a419768e6622e2dcd198e0d8edb4f4283e430 , webp 
https://i.redd.it/6qv37wgnyza31.png , png 
https://preview.redd.it/t0u2qdn3n0b31.jpg?width=640&crop=smart&auto=webp&s=6049a63eec21f274c9857666312b5fc72125fe7d , webp 
https://i.redd.it/ztqxawykp1b31.jpg , jpeg 
https://preview.redd.it/n9e2we9dh2b31.jpg?width=640&crop=smart&auto=webp&s=b9f59bcb348ebe63e106999a07c5d8cfbf5ec03a , webp 
https://i.redd.it/r96q7zszzwa31.png , png 
https://l3.aaxads.com/log?___stu13p=aveoaamactga5dnnuee25ti2rm86bcrodqacb&slg=8PR6YK195&lwbsh=AAX&gq=reddit.com&flg=AAX763KC6&vyu=2019071811_639&vhuyqdph=c8-web-13&jgsu=1&fvha=0&fvvwu=&xjg=4&dgw=desktop&ylg=00001563466587072013932372488676&yvlg=&vg=3&jwg=100&lqlg=0&jig=&ff=PL&vf=&fw=POZNAN&dewh=CONTROL&dgeg=0&dps=0&yhuvlrq=1.2&vE=true&fruv=true&glvE=false&lfh=0&yz=1920&yk=1080&skw=8901&fo=&__rk=1&dss=0&uwbsh=&deg=2&ghqg=973&glhqg=972&glvwduw=666&gvwduw=24&uhtxuo=https%3A%2F%2Fwww.reddit.com%2Fr%2FMinecraftMemes%2F&nzui=&hsxuo= , gif 
https://preview.redd.it/1hgjl2vzh1b31.jpg?width=640&crop=smart&auto=webp&s=c01b62bcf09f9efd898c8fb702cbf45cea43f606 , webp 
https://i.redd.it/p605s411q1b31.jpg , jpeg 
https://i.redd.it/zagbe2vluua31.jpg , jpeg 
https://i.redd.it/q6lpj3h0b2b31.jpg , jpeg 
https://www.redditstatic.com/gold/awards/icon/silver_32.png , png 
https://preview.redd.it/0kvtljav22b31.jpg?width=640&crop=smart&auto=webp&s=c1ee86801fe6d351e13da0ff1927d4922fc46b11 , webp 
https://preview.redd.it/3zmvzb2nnza31.jpg?width=640&crop=smart&auto=webp&s=353aa5b47583cafff584edbf20a4bbcdb3b9821b , webp 
data:image/png;base64,iVBORw0KGgoAAAANSUhEUgAAAMAAAADACAYAAABS3GwHAAAAAXNSR0IArs4c6QAABqVJREFUeNrt3ctrFVccwHH/TsX3C3xgXCgoGBBfiOBjoSi6ECKKEjduVFwoLtyotcZUS9KEJiYYmzYmbUyT+Gj7E1vcdM65ucbM47P4LO8E5s43d86ZMzPL5ufnH0FTLbMTEAAIAAQAAgABgABAACAAEAAIAAQAAgABgABAACAAEAAIAAQAAgABgABAACAAEAAIAAQAAgABgABAACAAEAAIAAQAAgABgABAACAAEAAIAAQAAgABgABAACAAEAAIAASAAOwEBAACAAGAAEAAIAAQQIX19fX1nj17dqyjo2NmzZo175cvX/4X/y/2Ueyr2Gex7wRQUW/fvn185syZ1ytWrPjowF6Y2HexD2NfCqBiB39nZ+eUg/jriH1Z1whqGUD813Lgfl2xTwVQkXN+pz2LczpUxzFB7QKIwZsDdnHEvhVAycUMhoN1ccS+FUDJmepc3ClSAZRc6kt08cf+EwD2nwCw/wSAAHyBCMAXiAB8gQjAFygAAfgCBSAAX6AABOALFIAAfIECEAACEAACEAACEAACEAACEAACEAACEAACEMDSWrly5YcNGza827Jly+zOnTtn9u7d+/vx48fHL1++/PLu3bs/9ff3987NzTnYBdDMK8Fh/fr17w4ePPimu7t7qAkPgBWAAApt3bp19uLFi6ODg4PPBCCAxgXwpT179vxx69atwdnZWQEIoHkBfPmrcOPGjZ/r/GhwAQggafPmzXM3b94cFIAAGhnAv2I2qQkDZgEIoPAR4RcuXHhV59MiAVRcHJzj4+NPhoeHe168ePHDvXv3+q9cufLyxIkT47t27Zr+50ts+90Bu3fvno7tC0AAlTMxMfEkoog3nsT5/UIjWLdu3bu4sCYAAVRWTHU+ePCg79ixY7+uWrXqw0JC6OrqGhGAACpvbGzs+/Pnz79ayPsFTp8+/bouyysE0HAxfohXAbX6nrGjR4/+VofBsQD4JAbQcVW41Qiq/ksgAP4TB3MsmIsVpq2cDglAALXS29v7PJZGNGFgLIAa3Q8QV29Pnjw5fvXq1eGenp7n7Sxwi+nTffv2Zb99vqpTpAKo8SBu7dq17w8fPjwRB+dCBqzT09OPjxw5MpF7nWBoaKhHAAIo5VKI+JW4dOnSyNTU1HetjgtOnTr1S87fiCvPVZsZEkDD1gLF1eBY9tzK6VFEkPtLENcWBCCA0i+G27Fjx8z9+/f7WzkdyhkTxPWEKq0iFUDDV4PGas/cufwYGOfMDsVgXAACqMxy6AMHDryZnJzMGhvEFGnOdYKq3FQjAAF80tHRMZM7ixMXy3LGGlUYEAug4uI/98DAwLOHDx/+ePv27cFz586Nbdu2bXYhEWzcuHE+J4I4ZcpZNhGDbQEIYEnEQLSrq2s0DupWfwlyTodi7VBqAV2MF8r+tAkB1FwczPEMoNWrV79vZUyQMzCOVaSpbcUjVwQggFKs/z906NBEK7NDOUupU/cTxKmSAARQmtWe8WuQe59wznWCuPCV2k6Zn0AngAa6c+fOQM4tkXGxLHUOH78sqW1FdAIQQOkiyPkVyJnJiXuMU4NhAQigdD6fDiXn81ML6OJG+9R2yro8QgAVF4PQ7du3/7l///7J69evD42MjDxtZUyQMzCOVaSpp01s2rSpcLq1u7t7WAACWPQvMObm46FYo6OjT3Nnh1JTpLGUOnVVN547VLSNeD+BAATwzb7A+GXIvUsr51Qota14+Fbqhpky3kAvgHqvBfp47dq15KlHXCxLXTGOO8tSK0VT06vxuiYBCOBbL4b7mPNLEMsmUrdXpqZEPz+LtK37hhfzYb+til9RAdRgNWh8kakxQczSpLYTN9oXbSPGHkWfjxf3VSmAWBclgJosh46DM7Wt1CrSeNpE0efjqdRFn4+3V1YpgFjrJICaBBCzQ6kp0lhKXbSNeORKOwPhnDvFynLwV+3WTgFkiOsERduK+wnaOYBjiXTR5+M9xlUJIKZ163jxs9EBxMWyom3FTTVFn4+HbxV9Pl6i0c7nyxJAZ2fnVF3fitPoAOKKcdG24s6y1AWx1PLodj6/1AHEaU/856/zK6EaHUBqWi+uBxR9Pm6GL/p8HDjtfH4pAoh9ErM9MeBtwksBLYaj0QSAAEAAIAAQAAgABAACAAGAAEAAIAAQAAgABAACAAGAAEAAIAAQAAgABAACAAGAAEAAIAAQAAgABAACAAGAAEAAIAAQAAgABAACAAGAAEAAIAAQAAgABAACAAGAAEAAIAAEYCcgABAACAAEAAIAAUCt/Q0TT+YRvd35vwAAAABJRU5ErkJggg== , png 
data:image/png;base64,iVBORw0KGgoAAAANSUhEUgAAAAEAAAJwCAYAAABI9AvEAAACkklEQVRIS1XHdxQIZBiFcTtCkmRHqSh7U1mpJMlK9t7Jpm2WUFnZK7PsbGWWUfYohOy9NZFVznNP5/vOff/4vfdJkOD/S8iPJCJFYicJKZIGkrEi95AiuZOCFPc6KUmRyklNivsCaViR+0mR1nmAFOmcB0mR3nmIFBmcjKTIFMjMimQhRVYnGykedrKTIofzCCkeDeRkRR4jxePOE6TI5eQmxZPOU6TIE8jLiuQjRX6nACkKOoVIUdgpQoqigWKsSHFSlHBKkqKU8zQpnnGeJUXpQBlWpCwpyjnlSfGcU4EUzzsvkOJFpyIpXgpUYkVeJkVl5xVSVHFeJUVVpxopqgdqsCI1SfGaU4sUrzu1SVHHqUuKeoH6rEgDUjR0GpGisdOEFE2dZqRoHmjBirQkRSunNSnaOG1J8YbTjhRvOu1J0SHQkRXpRIrOThdSdHW6kaK78xYp3g68w4q8S4r3nPdJ8YHTgxQ9nV6k6B3ow4r0JcWHzkek6Od8TIr+zgBSDAx8wop8SorPnEGkGOwMIcVQZxgpPg8MZ0VGkGKkM4oUo50xpBjrjCPFeGcCKSYGvmBFJpFisjOFFFOdaaSY7nxJiq8CM1iRmaSY5cwmxRxnLinmOV+TYn5gASuykBSLnMWkWOIsJcUy5xtSfBtYzoqsIMVKZxUpVjtrSPGd8z0p1jrrSLE+sIEV+YEUPzobSbHJ2UyKLc5WUmwLbGdFdpBip7OLFD85P5Nit7OHFHsDv7Ai+0ix3zlAil+dg6Q45BwmxZHAUVbkGCmOOydIcdI5RYrTzhlSnA2cY0XOk+KCc5EUl5zLpLji/EaK350/SPFn4C9W5G9SXHWukeK68w8pbjg3SXErcJsVuUOKf53/7gIPXjbYDO78kgAAAABJRU5ErkJggg== , png 
https://preview.redd.it/k36406u1hxa31.jpg?width=640&crop=smart&auto=webp&s=948a72650cdf0d751507be53af03d8877a68d4f5 , webp 
https://preview.redd.it/l2gbito4x1b31.jpg?width=640&crop=smart&auto=webp&s=d072f2cfb86a6f44a10ea8fdcb20d1205472250c , webp 
https://i.redd.it/t7cq8eltbya31.png , png 
https://preview.redd.it/taxrmmz0e0b31.jpg?width=640&crop=smart&auto=webp&s=a01001777aa0e75fd60ff4e80e72a0906dc0c314 , webp 
https://www.youtube.com/generate_204?vK3zhw , jpg 
https://i.redd.it/mov6p3tpuva31.jpg , jpeg 
https://i.redd.it/off4wtpndya31.png , png 
https://preview.redd.it/lljtt6acmxa31.jpg?width=640&crop=smart&auto=webp&s=40e54cd910239de2644c75548982f76cff8ade63 , webp 
https://www.youtube.com/generate_204?1Ice7A , jpg 
https://www.youtube.com/generate_204?I15z7Q , jpg 
https://preview.redd.it/gidluks6fya31.jpg?width=640&crop=smart&auto=webp&s=c5ac00e238d6a44531074e7e09a4ff91175ffce1 , webp 
https://preview.redd.it/7vum87gch2b31.jpg?width=640&crop=smart&auto=webp&s=0052427add3c666f8f0f33dc9edf438f26011d34 , webp 
https://www.youtube.com/generate_204?HfcvHA , jpg 
https://preview.redd.it/40an8tkcp2b31.png?width=640&crop=smart&auto=webp&s=bba128bf264d5e910a06a52ea80ce36097514776 , webp 
https://preview.redd.it/4gpy3xkyxza31.jpg?width=640&crop=smart&auto=webp&s=81050a0207dd084b3b24734db393603aaa012527 , webp 
https://preview.redd.it/m83lmbjs1ya31.jpg?width=640&crop=smart&auto=webp&s=8bf87e0f77c8e55fb7b7e582233dbc491b20a58d , webp 
https://preview.redd.it/wmgc2jma72b31.jpg?width=640&crop=smart&auto=webp&s=af10c674f5c369afc81a2d940303eccbaeea6a8c , webp 
https://preview.redd.it/743veo3b02b31.png?width=640&crop=smart&auto=webp&s=7c192f049c55b336aaf6eec62e6162d9847eb4a3 , webp 
https://www.youtube.com/generate_204?iRYE3g , jpg 
https://preview.redd.it/km3ypjnuvwa31.jpg?width=640&crop=smart&auto=webp&s=1cd3384512062a804fdd629fde491c2a0376682f , webp 
https://preview.redd.it/vizys9sid2b31.png?width=640&crop=smart&auto=webp&s=b98fb40ffed750f893338ec42784da13ca642247 , webp 
https://i.redd.it/2m79xinqdxa31.jpg , jpeg 
https://i.redd.it/kxpq6i0mhya31.jpg , jpeg 
https://i.redd.it/aywfshtogya31.png , png 
https://preview.redd.it/21pzp3iko0b31.jpg?width=640&crop=smart&auto=webp&s=d1665802114b68a22164c17c3f1db7fc2d50081f , webp 
https://preview.redd.it/660rwcjwpua31.jpg?width=640&crop=smart&auto=webp&s=a01db295a9ba9d2773cd7eb2ad715178a2aa4da0 , webp 
https://i.redd.it/2zi9w9rslya31.jpg , jpeg 
https://www.youtube.com/generate_204?LqnHBA , jpg 
https://www.youtube.com/generate_204?7d23rg , jpg 
https://i.redd.it/0mkhay5brwa31.jpg , jpeg 
https://external-preview.redd.it/WwheBuoUGTGpKAdgVwXWnK7ecyw_HxHvIfI2duIDjFA.jpg?width=640&crop=smart&auto=webp&s=855b23cabc3b7ee8cb57822074d4e48c8d6c5636 , webp 
https://i.redd.it/jwfz2fty1ya31.jpg , jpeg 
https://i.redd.it/htz2ri29rxa31.png , png 
https://preview.redd.it/5liqsiap8wa31.jpg?width=640&crop=smart&auto=webp&s=8a79cb31c14de885fbea1ccc243b4be58268dd94 , webp 
https://preview.redd.it/7vzdf70hp2b31.jpg?width=640&crop=smart&auto=webp&s=23c0e37b81d797b7472baa9cc60be6e38953a568 , webp 
https://i.redd.it/rwqiqip1vva31.png , png 
https://i.redd.it/trsez6w4xxa31.jpg , jpeg 
https://preview.redd.it/49el96k1fya31.png?width=640&crop=smart&auto=webp&s=533a906f61ac176d34e8317491ab48291e997d8e , webp 
https://b.thumbs.redditmedia.com/8F0IP0ur4wQeK-KVwoNNCAYwQYyWW8ZrXkgiqkXBxnw.jpg , jpeg 
https://preview.redd.it/thaxt5q920b31.png?width=640&crop=smart&auto=webp&s=36d36736a88f02fbcadc42ea29c41ad246749114 , webp 
https://preview.redd.it/ioct5pyyv1b31.png?width=640&crop=smart&auto=webp&s=c69d680a28e8a68e98f916e01abe0eebc6de1432 , webp 
https://i.redd.it/l2tbwl1qk1b31.png , png 
https://preview.redd.it/m15xe15q0xa31.jpg?width=640&crop=smart&auto=webp&s=fce397affb2f8bd919889c647398dae5953fb360 , webp 
https://preview.redd.it/k7x0rwr8c2b31.jpg?width=640&crop=smart&auto=webp&s=c4add72efdb07320d0bb5e77698736cd4e9db5c8 , webp 
https://www.youtube.com/generate_204?c2pOTw , jpg 
https://www.youtube.com/generate_204?5etDlg , jpg 
https://preview.redd.it/l5cpypt4oza31.jpg?width=640&crop=smart&auto=webp&s=4a743ccd72df523942e7d4b1fd1a97b91f438adf , webp 
https://preview.redd.it/fpvd67x8e1b31.jpg?width=640&crop=smart&auto=webp&s=9368f31df9590c5f0c9b28e4dcea437fc8fad36e , webp 
https://i.redd.it/9p9qx9qybra31.jpg , jpeg 
https://i.redd.it/953fzxvf2wa31.jpg , jpeg 
https://i.redd.it/zjc3044amya31.jpg , jpeg 
https://i.redd.it/vywdc6md3sa31.png , png 
https://preview.redd.it/b7rsnoiwu1b31.jpg?width=640&crop=smart&auto=webp&s=c757aac6fba38e34a2b0d03f88bfdc167274ff35 , webp 
https://www.youtube.com/generate_204?RAAvPQ , jpg 
https://i.redd.it/hzhly55djya31.png , png 
https://preview.redd.it/c6knp1ydx2b31.jpg?width=640&crop=smart&auto=webp&s=1f1c1b3e80c38f27606bd2acd5e2a4db6c195d2c , webp 
https://i.redd.it/q3ovwob4wua31.jpg , jpeg 
https://i.redd.it/br8hph6ttva31.png , png 
https://preview.redd.it/drccduk2ywa31.png?width=640&crop=smart&auto=webp&s=f7bf8f30ee7a78eb6720b8f96b0ec7a06b793928 , webp 
https://i.redd.it/pgdagir3oya31.jpg , jpeg 
data:image/png;base64,iVBORw0KGgoAAAANSUhEUgAAAAEAAADGCAYAAAAT+OqFAAAAdklEQVQoz42QQQ7AIAgEF/T/D+kbq/RWAlnQyyazA4aoAB4FsBSA/bFjuF1EOL7VbrIrBuusmrt4ZZORfb6ehbWdnRHEIiITaEUKa5EJqUakRSaEYBJSCY2dEstQY7AuxahwXFrvZmWl2rh4JZ07z9dLtesfNj5q0FU3A5ObbwAAAABJRU5ErkJggg== , png 
https://yt3.ggpht.com/-vbRv5J_roEo/AAAAAAAAAAI/AAAAAAAAAAA/vxD6a8ghKVg/s68-c-k-no-mo-rj-c0xffffff/photo.jpg , jpeg 
https://i.ytimg.com/vi/gCXfsIJOYZk/hqdefault.jpg , jpeg 
https://www.youtube.com/generate_204?qz9BXg , jpg 
https://i.redd.it/qzxjnyxwixa31.jpg , jpeg 
https://www.youtube.com/generate_204?gPkfvQ , jpg 
https://www.youtube.com/generate_204?38xiiw , jpg 
https://i.redd.it/xy9ph5wg3ya31.png , png 
https://i.redd.it/6v2m91izqwa31.png , png 
https://i.redd.it/9lcolxakova31.jpg , jpeg 
https://i.redd.it/r2evd3qrosa31.jpg , jpeg 
https://i.redd.it/hysvja2zyva31.png , png 
https://i.redd.it/8o4oi89hdwa31.png , png 
https://preview.redd.it/72f05q57axa31.jpg?width=640&crop=smart&auto=webp&s=1975d7336b441c3b114e13590cf5f030405fd966 , webp 
https://sb.scorecardresearch.com/b?c1=2&c2=7770950&ns__t=1563466693457&ns_c=UTF-8&c8=&c7=https%3A%2F%2Fimgur.com%2Fa%2FhEMuHQM%2Fembed%3Fpub%3Dtrue%26ref%3Dhttps%253A%252F%252Fembed.ly%26referrer%3Dhttps%253A%252F%252Fwww.redditmedia.com%252Fmediaembed%252Fcdulxp%26w%3D900&c9=https%3A%2F%2Fcdn.embedly.com%2Fwidgets%2Fmedia.html%3Fsrc%3Dhttps%253A%252F%252Fimgur.com%252Fa%252FhEMuHQM%252Fembed%253Fpub%253Dtrue%2526ref%253Dhttps%25253A%25252F%25252Fembed.ly%2526w%253D900%26url%3Dhttps%253A%252F%252Fimgur.com%252Fa%252FhEMuHQM%26image%3Dhttps%253A%252F%252Fi.imgur.com%252FcAKfHWL.jpg%253Ffb%26key%3Ded8fa8699ce04833838e66ce79ba05f1%26type%3Dtext%252Fhtml%26schema%3Dimgur , jpg 
https://s.imgur.com/images/embed/logoblock.png , png 
https://www.google-analytics.com/collect?v=1&_v=j77&a=1011607243&t=pageview&_s=1&dl=https%3A%2F%2Fimgur.com%2Fa%2FhEMuHQM%2Fembed%3Fpub%3Dtrue%26ref%3Dhttps%253A%252F%252Fembed.ly%26referrer%3Dhttps%253A%252F%252Fwww.redditmedia.com%252Fmediaembed%252Fcdulxp%26w%3D900&dr=https%3A%2F%2Fcdn.embedly.com%2Fwidgets%2Fmedia.html%3Fsrc%3Dhttps%253A%252F%252Fimgur.com%252Fa%252FhEMuHQM%252Fembed%253Fpub%253Dtrue%2526ref%253Dhttps%25253A%25252F%25252Fembed.ly%2526w%253D900%26url%3Dhttps%253A%252F%252Fimgur.com%252Fa%252FhEMuHQM%26image%3Dhttps%253A%252F%252Fi.imgur.com%252FcAKfHWL.jpg%253Ffb%26key%3Ded8fa8699ce04833838e66ce79ba05f1%26type%3Dtext%252Fhtml%26schema%3Dimgur&ul=en-us&de=UTF-8&sd=24-bit&sr=800x600&vp=&je=0&_u=QACAAEAB~&jid=&gjid=&cid=1151319518.1563466646&tid=UA-6671908-2&_gid=1240112111.1563466646&gtm=2wg7a0M6N38SF&z=1298397765 , gif 
https://i.imgur.com/cAKfHWLl.jpg , jpeg 
https://www.facebook.com/tr/?id=742377892535530&ev=PageView&dl=https%3A%2F%2Fimgur.com%2Fa%2FhEMuHQM%2Fembed%3Fpub%3Dtrue%26ref%3Dhttps%253A%252F%252Fembed.ly%26referrer%3Dhttps%253A%252F%252Fwww.redditmedia.com%252Fmediaembed%252Fcdulxp%26w%3D900&rl=https%3A%2F%2Fcdn.embedly.com%2Fwidgets%2Fmedia.html%3Fsrc%3Dhttps%253A%252F%252Fimgur.com%252Fa%252FhEMuHQM%252Fembed%253Fpub%253Dtrue%2526ref%253Dhttps%25253A%25252F%25252Fembed.ly%2526w%253D900%26url%3Dhttps%253A%252F%252Fimgur.com%252Fa%252FhEMuHQM%26image%3Dhttps%253A%252F%252Fi.imgur.com%252FcAKfHWL.jpg%253Ffb%26key%3Ded8fa8699ce04833838e66ce79ba05f1%26type%3Dtext%252Fhtml%26schema%3Dimgur&if=true&ts=1563466694501&sw=800&sh=600&v=2.8.51&r=stable&ec=0&o=158&fbp=fb.1.1563466649012.651646752&it=1563466694382&coo=false&rqm=GET , gif 
https://i.redd.it/4otqidlm4xa31.png , png 
https://i.imgur.com/oT307ZEl.jpg , jpeg 
https://i.imgur.com/lumbar.gif?a=%7B%22UID%22%3A%2214484d6ac3a5fc9f2f03db15fc8ec9e551edbd9435f18de225d85672798bbab1%22%2C%22accountId%22%3Anull%2C%22sessionId%22%3Anull%2C%22platform%22%3A%22embed%22%2C%22source%22%3A%22frontend%22%2C%22referrer%22%3A%22https%3A%2F%2Fcdn.embedly.com%2Fwidgets%2Fmedia.html%3Fsrc%3Dhttps%253A%252F%252Fimgur.com%252Fa%252FhEMuHQM%252Fembed%253Fpub%253Dtrue%2526ref%253Dhttps%25253A%25252F%25252Fembed.ly%2526w%253D900%26amp%3Burl%3Dhttps%253A%252F%252Fimgur.com%252Fa%252FhEMuHQM%26amp%3Bimage%3Dhttps%253A%252F%252Fi.imgur.com%252FcAKfHWL.jpg%253Ffb%26amp%3Bkey%3Ded8fa8699ce04833838e66ce79ba05f1%26amp%3Btype%3Dtext%252Fhtml%26amp%3Bschema%3Dimgur%22%2C%22userAgent%22%3A%22Mozilla%2F5.0%20(X11%3B%20Linux%20x86_64)%20AppleWebKit%2F537.36%20(KHTML%2C%20like%20Gecko)%20HeadlessChrome%2F77.0.3835.0%20Safari%2F537.36%22%2C%22version%22%3A%222019.2%22%2C%22host%22%3A%22imgur.com%22%2C%22action%22%3A%7B%22event%22%3A%22sessionStart%22%2C%22meta%22%3A%7B%22language%22%3A%22en-US%22%2C%22screenResolution%22%3A%22800x600%22%2C%22timezone%22%3A-7200%2C%22secure%22%3Afalse%2C%22platform%22%3A%22web%22%7D%7D%2C%22timestamp%22%3A1563466694596%2C%22location%22%3A%22https%3A%2F%2Fimgur.com%2Fa%2FhEMuHQM%2Fembed%3Fpub%3Dtrue%26ref%3Dhttps%253A%252F%252Fembed.ly%26referrer%3Dhttps%253A%252F%252Fwww.redditmedia.com%252Fmediaembed%252Fcdulxp%26w%3D900%22%7D , gif 
https://i.imgur.com/lumbar.gif?a=%7B%22UID%22%3A%2214484d6ac3a5fc9f2f03db15fc8ec9e551edbd9435f18de225d85672798bbab1%22%2C%22accountId%22%3Anull%2C%22sessionId%22%3Anull%2C%22platform%22%3A%22embed%22%2C%22source%22%3A%22frontend%22%2C%22referrer%22%3A%22https%3A%2F%2Fcdn.embedly.com%2Fwidgets%2Fmedia.html%3Fsrc%3Dhttps%253A%252F%252Fimgur.com%252Fa%252FhEMuHQM%252Fembed%253Fpub%253Dtrue%2526ref%253Dhttps%25253A%25252F%25252Fembed.ly%2526w%253D900%26amp%3Burl%3Dhttps%253A%252F%252Fimgur.com%252Fa%252FhEMuHQM%26amp%3Bimage%3Dhttps%253A%252F%252Fi.imgur.com%252FcAKfHWL.jpg%253Ffb%26amp%3Bkey%3Ded8fa8699ce04833838e66ce79ba05f1%26amp%3Btype%3Dtext%252Fhtml%26amp%3Bschema%3Dimgur%22%2C%22userAgent%22%3A%22Mozilla%2F5.0%20(X11%3B%20Linux%20x86_64)%20AppleWebKit%2F537.36%20(KHTML%2C%20like%20Gecko)%20HeadlessChrome%2F77.0.3835.0%20Safari%2F537.36%22%2C%22version%22%3A%222019.2%22%2C%22host%22%3A%22imgur.com%22%2C%22action%22%3A%7B%22event%22%3A%22item%22%2C%22meta%22%3A%7B%22hash%22%3A%22hEMuHQM%22%2C%22isAlbum%22%3Atrue%2C%22context%22%3Afalse%2C%22platform%22%3A%22web%22%7D%7D%2C%22timestamp%22%3A1563466694597%2C%22location%22%3A%22https%3A%2F%2Fimgur.com%2Fa%2FhEMuHQM%2Fembed%3Fpub%3Dtrue%26ref%3Dhttps%253A%252F%252Fembed.ly%26referrer%3Dhttps%253A%252F%252Fwww.redditmedia.com%252Fmediaembed%252Fcdulxp%26w%3D900%22%7D , gif 
https://preview.redd.it/je2mpalp1ya31.jpg?width=640&crop=smart&auto=webp&s=f09477b43ed7dade16a1ae58f9002c02512132cf , webp 